Ensembl_Gene_ID;Log2FC_Patho;Pvalue_Patho;Log2FC_Rescue;Pvalue_Rescue
ENSMUSG00000000093;-1.1917146744999458;0.00038969612932658913;0.9999773020315212;0.031888392420845305
ENSMUSG00000000184;-1.427301665787148;2.2207355868765304e-09;1.1360523542331455;0.023948775798266552
ENSMUSG00000000278;-1.7585881883237522;4.5480090595720046e-11;1.2970539374288288;0.007676134337955018
ENSMUSG00000000296;1.1369257460409774;1.2615873268402548e-14;-0.5404601138622908;0.0007036930411033348
ENSMUSG00000000320;2.5562205318733193;2.2847620430681235e-10;-2.553122563387262;6.72346443510741e-08
ENSMUSG00000000392;-2.463717284326804;6.221820720829478e-16;1.9833340892304983;0.00041609730253760276
ENSMUSG00000000881;-1.381501706282781;5.585112585677763e-08;0.9872733963839256;0.045221203985523435
ENSMUSG00000000957;-4.1637535192009745;4.337515716096568e-61;3.4883142905635482;0.00020274061206315661
ENSMUSG00000000958;-1.993250767809097;5.949871479776513e-09;1.612662849991115;0.011044696813505877
ENSMUSG00000001014;2.644992008532634;4.999341325129674e-06;-1.2980308468199462;0.025603123031703947
ENSMUSG00000001119;-1.791236516694821;1.0138613778706495e-10;1.1909793260762862;0.027868391734947883
ENSMUSG00000001270;-2.2950192590429936;2.48234796905109e-10;1.4739550864821898;0.01004837313489262
ENSMUSG00000001348;-6.234495103914914;3.595654650741413e-19;4.956975899680121;2.2665994631412267e-05
ENSMUSG00000001444;2.6234926850282743;0.022054964160586325;-3.3394189137900665;0.022959111123886093
ENSMUSG00000001473;3.0572109048345784;1.826714709936489e-18;-1.084781656796535;0.013126553538458869
ENSMUSG00000001506;-3.3778736200617336;1.2107766041234273e-44;2.799672113143488;0.0015224210352664464
ENSMUSG00000001555;-2.6674490835621554;1.713980717674862e-17;2.1148512456719746;0.0009018136261014438
ENSMUSG00000001707;1.0133466360369636;9.251963202740184e-07;-0.6086667834455459;6.696332270286497e-05
ENSMUSG00000001761;-1.5584360336526504;6.577812534539051e-11;1.3936637260946667;0.004109312511492745
ENSMUSG00000002006;-1.9154682828301086;1.84726235957766e-14;1.367978367175989;0.0056022386591666985
ENSMUSG00000002020;-3.0298022389080432;3.0769652988077286e-14;3.051317719834904;0.016244917773111503
ENSMUSG00000002076;4.224296820962161;9.035650400142747e-16;-1.8097170103327853;0.0031066849511851534
ENSMUSG00000002324;1.9575431630139022;0.003457546046863003;-1.4067195903378493;0.040167579483387165
ENSMUSG00000002847;1.3035311341646911;2.5102641131425023e-11;-0.9509396372058816;0.00285937182014135
ENSMUSG00000002871;1.2605904616759473;1.444398233129806e-12;-0.4916709926296937;0.03218521566250823
ENSMUSG00000002897;-1.6706566740377757;3.879284500256893e-08;1.251490985728131;0.03711771349824164
ENSMUSG00000003070;-1.6063329050083746;0.0004074826887668504;1.4059456139892763;0.002187025558273771
ENSMUSG00000004473;-3.4383728553337245;1.0725995104254797e-33;3.2284017470268194;0.0007003331623741116
ENSMUSG00000004612;4.28442547673347;0.03913720718957311;-3.9199126950375898;0.03013032743721427
ENSMUSG00000004665;-1.5207013108107825;5.988229477010903e-08;1.521064059722163;0.002187025558273771
ENSMUSG00000004885;-2.9343824946634984;2.2207355868765304e-09;2.865764180814666;0.0009778730109237426
ENSMUSG00000004891;2.601434193156077;3.279830985975904e-13;-1.4036302641353893;0.0012066077119184514
ENSMUSG00000004951;2.5482793294313355;2.103649010391247e-12;-1.0303145301252827;0.008919232208152345
ENSMUSG00000005124;-4.88559638118859;1.9890573035926995e-80;3.413398155241857;0.0007076673399691073
ENSMUSG00000005148;2.7208725611886817;3.799525956479461e-34;-1.4598996840461675;4.1238739910436615e-08
ENSMUSG00000005320;-3.3442896439846277;7.442054562928774e-14;2.8691611515831754;8.093699959377139e-06
ENSMUSG00000005950;1.313641620033074;1.2015629206279547e-10;-0.6471522371582045;0.025436328203700797
ENSMUSG00000005958;-1.5439240356493715;9.55098358900801e-07;1.4396104878896523;0.024818657606485266
ENSMUSG00000006205;-3.2719434254123025;4.449810880660631e-34;2.6742691435326136;5.15499697883286e-07
ENSMUSG00000006403;-4.248481499255932;4.7743925717761615e-05;4.243266787925036;0.0037894579884254777
ENSMUSG00000006445;-2.2417636862164776;1.601923000926937e-16;1.849846927473617;0.00021675795669865434
ENSMUSG00000006542;1.5151789622344163;2.998837893844057e-10;-0.9395794466175922;0.003035060822463085
ENSMUSG00000006574;-2.871916291420705;5.801190382173235e-08;1.7214567031217007;0.013635863569409153
ENSMUSG00000006651;-2.1315607057182677;6.961720737162288e-18;1.9306344304512897;0.0006947839516449645
ENSMUSG00000006800;-1.5272608079076915;5.299413492989914e-10;1.0810477872900508;0.011667733132192477
ENSMUSG00000006931;-1.5111702361112116;4.7990301343277686e-08;1.2053908465725205;0.016906494541736074
ENSMUSG00000007594;-3.59000761802547;6.862370283371277e-10;2.90059638337032;0.012942969640251035
ENSMUSG00000007682;-2.555750957448483;8.694604992878349e-18;2.7472118185557717;1.1130512424498855e-05
ENSMUSG00000010358;1.2895555936767267;4.509197776338844e-06;-0.8546738858094413;0.017831559140453965
ENSMUSG00000011154;-6.087523355578189;0.0005964571802268568;5.01512248211685;0.04291883326219703
ENSMUSG00000011263;-1.2588173179079136;4.2800355970676025e-06;1.702545475670133;0.0012300964513005655
ENSMUSG00000012017;-1.7481944907521667;3.0711209136317693e-09;1.9073485957154879;0.0024246201048482604
ENSMUSG00000012889;-6.125560890916657;8.926810759388953e-08;5.738599218654564;0.0012597353912221826
ENSMUSG00000013089;1.1580681635919141;0.0050701426415412825;-1.0923342334155821;0.018773239876328292
ENSMUSG00000013236;-1.0168214096103831;1.0678261155601954e-09;0.9031817940322607;0.005522347600341984
ENSMUSG00000013921;-1.4968500696360267;3.297073713034918e-08;1.1060103363915663;0.026913936561003472
ENSMUSG00000014198;2.7412006539183085;2.501812969480866e-11;-1.6086697149121956;0.000509793517714368
ENSMUSG00000014303;-1.3906406384067531;1.150134270262814e-07;1.1734657894238951;0.037863904057716675
ENSMUSG00000014329;-1.5935334352925787;8.93180366037252e-08;1.2394829473567857;0.02292276277829916
ENSMUSG00000014361;-1.7947211859951984;8.027363012160339e-08;1.1334545357324968;0.02933301441408834
ENSMUSG00000014609;2.6885984381794032;0.0014436660448507322;-2.059314485812176;0.00020897165096885414
ENSMUSG00000014782;-6.209416456431972;1.0713395940002941e-63;5.7610517758700075;2.9606072441187854e-08
ENSMUSG00000014813;-1.6730633037178122;4.935805921348593e-08;1.3864603318391229;0.01293402150393528
ENSMUSG00000015134;-1.7670344868839576;0.000642055228603628;2.012988638542823;0.0010976234278756963
ENSMUSG00000015143;-1.9612471457686165;3.4558177119205054e-16;1.6106408511052428;0.0006276129938057999
ENSMUSG00000015305;-1.3544706400905702;2.5613660277612406e-06;1.0295849924257259;0.04253447051607174
ENSMUSG00000015932;-1.1007350028432799;7.589757653749057e-09;0.7321706157409983;0.023048047624279425
ENSMUSG00000016024;-1.5927734950271786;1.40716984039672e-13;1.2511598680892089;0.005014843186981159
ENSMUSG00000016262;-1.9950403703915984;1.1207366120150996e-08;1.5057388674005399;0.00661181694990424
ENSMUSG00000016327;1.0617680494582715;6.148052319947852e-05;-0.9829363160913436;0.001016883667732171
ENSMUSG00000016382;-1.090236322582462;2.8313506232805423e-07;0.7967464262063386;0.011554280265884238
ENSMUSG00000016386;-1.742196027788285;2.57358311895848e-24;0.7680712396392454;0.014121772998155311
ENSMUSG00000016763;-3.727510093460821;3.8902951782825723e-20;3.2844993011815693;0.0001638169467763275
ENSMUSG00000016918;-2.026002675394613;4.3916340515035303e-10;1.4417420474503484;0.019887463134580723
ENSMUSG00000017446;-2.9318514013712376;1.7019869416291784e-18;2.265440818989179;0.00026396035563140154
ENSMUSG00000017466;-1.9488592880026832;1.0267894873228839e-16;1.3328634199873686;0.027035317553159938
ENSMUSG00000017493;-1.5167915318327552;1.2772924603145147e-14;1.6099753580739526;1.236975671429104e-05
ENSMUSG00000017737;-7.98107709103353;2.3114537220231122e-35;6.6901996244487645;4.4214245734538394e-10
ENSMUSG00000017969;-2.199898461246634;1.2137779606561682e-13;1.6463171708632385;0.011745922815902476
ENSMUSG00000018102;1.037581659507552;0.00019579202528583576;-0.5606688112358817;0.04292966679387754
ENSMUSG00000018339;-3.363715053845831;6.099378394858266e-35;2.9262741303837947;1.5963814525899884e-09
ENSMUSG00000018398;-1.0598108840218674;9.766081178523311e-06;0.8169739328558895;0.017068478919352335
ENSMUSG00000018417;-1.4284063238258968;3.4039940956644834e-13;1.05130380435808;0.0018064425991104506
ENSMUSG00000018470;-2.053964057536715;0.0029029086451807865;1.8410179987534072;0.04804095571438111
ENSMUSG00000018474;-2.1179028422311164;1.0380964831053209e-15;1.6910777442059148;0.0003881439900783927
ENSMUSG00000018593;-2.3424173775921346;2.6267745468835924e-21;1.7771072916655353;0.0010809361101032798
ENSMUSG00000018983;1.8297888285324688;5.285632107143312e-12;-0.9428672294153478;0.002181493963856665
ENSMUSG00000019027;-1.6361049677011894;2.974204583158651e-06;1.5433764916438468;0.006298961937227892
ENSMUSG00000019230;-4.38082098648134;3.615188381672337e-05;3.9307715258469433;0.012239526684539277
ENSMUSG00000019359;-4.971742602267631;6.192188360122062e-09;4.606428926869676;0.00041609730253760276
ENSMUSG00000019779;-2.6890770633143717;7.529433500112256e-20;2.2771271602168848;0.00017885783033530216
ENSMUSG00000019817;-1.8054055023941262;1.259931118167204e-11;1.6495982500359296;5.786144268563127e-09
ENSMUSG00000019893;-2.2915980001532987;4.5525718630015415e-05;1.6170219470304101;0.033184153887280805
ENSMUSG00000019935;-7.010566731703226;7.20023236792199e-24;5.391998044286536;3.3572747593490585e-06
ENSMUSG00000019975;-1.2638637843331626;2.8178577567803257e-07;0.8193885572916976;0.026696138959906364
ENSMUSG00000020053;-3.4148927716186543;5.807901998799666e-21;3.1309390766962655;0.003402251116090888
ENSMUSG00000020086;-2.0345269963145127;2.167189648667106e-08;1.6344423170401527;0.004553845197167104
ENSMUSG00000020098;2.967594778231173;9.024756612447167e-09;-1.7510214232041468;0.00023420921868753643
ENSMUSG00000020105;-1.7801837474829196;2.300589859944372e-16;1.280918573573458;0.005770151611637891
ENSMUSG00000020121;-1.1845280080706866;0.00033623127112593555;1.2494186147298536;0.001016883667732171
ENSMUSG00000020140;-3.001638648224838;8.353564218695714e-05;2.4605387218182226;0.023705529922630354
ENSMUSG00000020142;-3.666716887655029;8.152076606623703e-28;2.96923028244788;4.882760087152131e-05
ENSMUSG00000020176;-1.5370037504450813;4.549476153865326e-10;1.1057302540586862;0.00015785525707089155
ENSMUSG00000020186;-1.6509440484623006;1.6331829921463808e-10;1.245156395151316;0.025194487316482352
ENSMUSG00000020216;1.1748295916812401;3.6250118739679067e-07;-0.5937263089888238;0.048589347840635067
ENSMUSG00000020312;-2.494263575420572;8.051720945438088e-21;2.028253234638684;0.0019556579238705738
ENSMUSG00000020427;-1.7600040904017658;1.73487187301738e-07;1.1313307407598296;0.04253447051607174
ENSMUSG00000020473;-1.674968145394924;8.043105798665488e-09;1.0898062168571778;0.03717534887116044
ENSMUSG00000020524;-5.297461295757215;1.9920526825059175e-14;4.268521564812449;0.0004128769333084963
ENSMUSG00000020592;-3.370273061397112;2.438471864273953e-28;3.019155216312326;0.0006844063929993588
ENSMUSG00000020654;-2.521378122531957;1.907320560383029e-13;1.991331708063692;0.0013951196387155425
ENSMUSG00000020684;-2.202587665350089;2.6830031062201954e-07;1.495213767374958;0.015748920269937534
ENSMUSG00000020689;-3.095030274990369;1.191829251189898e-11;2.009719780397002;0.0021738748514163204
ENSMUSG00000020695;-1.5725094839642075;1.5040993566949426e-08;1.4164266957257339;0.012942969640251035
ENSMUSG00000020793;-5.503319950795472;3.7750063983985645e-09;5.46518832048601;1.8617096262611873e-05
ENSMUSG00000020866;-1.6852340049842285;4.690956475221801e-10;1.7517011331285843;0.010186742268758257
ENSMUSG00000020882;1.3150486165464037;7.927365775531098e-15;-0.5830273289722945;0.0012597353912221826
ENSMUSG00000020886;-1.527880788517873;5.040140630825749e-12;1.1048344417174465;0.028625399594157278
ENSMUSG00000021136;-2.2671159802958627;3.861646913260339e-13;1.9596214474357496;0.00012000818576217275
ENSMUSG00000021209;-2.483612308944263;4.109686097104862e-07;1.6396599955835018;0.04920768423041541
ENSMUSG00000021268;-1.7473559960557208;1.2772924603145147e-14;1.5964604770244817;2.603969586632918e-13
ENSMUSG00000021303;-3.1072024793926802;4.491580645384602e-08;2.693161230334738;0.016738146433486912
ENSMUSG00000021306;-2.6822257548253865;1.6851221788066284e-11;1.9524859853922472;0.0009629439750269797
ENSMUSG00000021318;-1.66424160329956;1.9382445132565663e-11;1.485216553316178;0.008738029763640059
ENSMUSG00000021319;-5.626027202129837;1.1864746768546026e-72;5.432438265900544;8.395962947547269e-07
ENSMUSG00000021360;-1.272427357407588;9.767959105357605e-10;0.8801104856028488;0.0016472294313231433
ENSMUSG00000021388;-3.235611724144804;1.8371992881798145e-42;2.539980410319558;8.406070850476523e-06
ENSMUSG00000021390;-1.546030755825668;1.4051902031625611e-09;1.1946961958608806;0.03436968910780914
ENSMUSG00000021408;-1.2342914603271167;4.196452977321231e-08;0.7639027846506249;0.028998495380995356
ENSMUSG00000021456;-1.5824657743411983;5.397694231738969e-15;0.9055821284441596;0.02293792011510729
ENSMUSG00000021464;-3.169441175594942;7.331124845148435e-33;2.7819434442117585;2.3019559281235977e-06
ENSMUSG00000021506;-3.809667013504816;2.429257789278881e-12;3.7692998351758913;4.395222205786174e-06
ENSMUSG00000021567;-2.2922873251287808;1.4228492304794262e-10;1.6864128466635964;0.012678362432325958
ENSMUSG00000021608;-1.1492710029922315;3.112220458300979e-08;0.9416018994700367;0.048589347840635067
ENSMUSG00000021613;-5.545763283512082;1.0503322918393495e-24;4.452472466494064;0.00011142458620389751
ENSMUSG00000021614;-1.0379626416626642;0.0032590027695625547;0.6735134149254383;0.03328729800905648
ENSMUSG00000021684;-1.153208768083578;0.00344563794658081;1.134973178329169;0.0007410718462052719
ENSMUSG00000021703;-1.6070419041208346;5.371637998088015e-10;1.5364669978684982;0.00025581836084652697
ENSMUSG00000021720;-4.056410485725706;2.995091187422884e-17;3.166491534801286;0.001180368861842671
ENSMUSG00000021728;-3.3383574035391126;3.261209955629313e-14;3.1601227865666677;0.004303723592533262
ENSMUSG00000021758;-4.700334861891328;4.575634709347531e-17;4.142112770958213;3.829934175700589e-05
ENSMUSG00000021763;-1.1272155037322527;0.0048598830529391615;1.356820158934114;0.002770507191533388
ENSMUSG00000021782;-1.097208256364837;9.05842094940773e-06;0.9932435246095437;0.005592362290875308
ENSMUSG00000021904;-1.2743670591214238;6.466464280275197e-08;0.899018804367889;0.03152956970916571
ENSMUSG00000021967;1.2713353826918654;1.0788608654055585e-05;-0.49030804835225233;0.004930859235920255
ENSMUSG00000022015;-6.344666165754963;1.287274668972993e-07;5.458788916995133;0.03834304010440129
ENSMUSG00000022098;-1.8506234915975248;4.590002684007829e-12;1.3639931064761177;0.006802459241822029
ENSMUSG00000022150;-1.6663221876191392;1.9941758818676006e-13;1.3229209626308966;0.016906494541736074
ENSMUSG00000022203;-1.5441598497944502;3.31727492470157e-07;1.9383594426798316;0.0005289977610591294
ENSMUSG00000022208;-1.7901926897246372;0.0005233795122708038;1.981802610952362;0.008738029763640059
ENSMUSG00000022261;-1.2482428596527824;5.371637998088015e-10;0.8007784947569664;0.0490034523514788
ENSMUSG00000022324;-2.40883347560516;6.435938624754328e-20;1.555861173846375;0.015018003520762524
ENSMUSG00000022371;-1.3096180851644792;1.6746840224439532e-07;1.1037573183867702;8.093699959377139e-06
ENSMUSG00000022382;-3.371848464036005;1.1904903531578492e-06;2.72950877659166;0.027259590415841996
ENSMUSG00000022440;-2.5348573773710386;1.0356955234967997e-26;1.9502418781536968;0.0018940768533453362
ENSMUSG00000022454;-3.3901655490876115;1.923119842417387e-06;2.48966489099501;0.028867668767581848
ENSMUSG00000022479;-3.553969614464655;0.001915623162958803;3.371793986729477;0.03338441534267094
ENSMUSG00000022584;4.029359331022411;0.002458085370434175;-3.4255345513712956;0.03850644004408187
ENSMUSG00000022665;-1.7723810339158983;7.48873635979759e-10;1.2738108639946826;0.024818657606485266
ENSMUSG00000022676;-2.6045647864424106;1.0085269482181126e-21;1.739215832880936;0.021962570493113592
ENSMUSG00000022754;-2.0521124273041007;4.52959399074754e-13;1.8694286121145929;0.0004578566877314466
ENSMUSG00000022768;-2.494465944914598;1.5801728486627633e-05;1.8171414463987434;0.02838049141443655
ENSMUSG00000022799;-1.0588276033440558;9.66092006030004e-06;0.7330894932426512;0.00383218668824646
ENSMUSG00000022803;1.4152687953545875;8.889089891114274e-18;-0.9144153209732105;8.104440547209443e-06
ENSMUSG00000022816;-1.1693834865315675;5.155929507865121e-06;0.9384304247225289;0.0010809361101032798
ENSMUSG00000022817;-1.3956238789467765;6.726827619751422e-10;1.052369384759916;0.0011631070644032826
ENSMUSG00000022836;-1.5634353567813533;3.648999846617509e-10;1.199987855540448;0.009163491369383691
ENSMUSG00000022865;-3.3741452642797554;7.328580967883044e-20;2.6143103294549315;0.00023420921868753643
ENSMUSG00000022871;5.218590417777769;8.51689404513888e-16;-2.720087208508998;2.423539025941426e-07
ENSMUSG00000022883;-2.820060962524439;1.9840104591466607e-23;1.817044979369102;0.0017663795213342924
ENSMUSG00000022887;-2.4797398924539715;4.449810880660631e-34;2.1733787032706178;1.2831096172547407e-07
ENSMUSG00000022900;-4.331370215091103;1.1487678689475827e-13;2.629460579705171;0.045881651899188663
ENSMUSG00000022951;1.8061494491930923;2.286280801657246e-11;-1.0708103095990733;0.017295096046305216
ENSMUSG00000022996;-5.062156211323615;1.7575538107381694e-45;4.475616865651394;0.0009629439750269797
ENSMUSG00000023008;-1.2307571263137098;1.481327413652773e-06;1.0126061466448553;0.021466531303972636
ENSMUSG00000023022;-1.4050140151657362;1.1206227923214966e-08;1.0507473044926212;0.0033714963403324123
ENSMUSG00000023039;3.5645541459241628;2.550472347228743e-05;-2.331727516028392;0.016738146433486912
ENSMUSG00000023191;-1.6216038769413592;2.2207355868765304e-09;1.3298381098824932;0.02708250800153007
ENSMUSG00000023232;1.8961599707742227;1.447425249698938e-21;-0.9979037474186729;1.9295590656385233e-05
ENSMUSG00000023328;1.7798895211793966;2.434783892899817e-18;-1.0545362656006947;0.00016900065198545032
ENSMUSG00000023411;-1.7471200945126468;9.221664425719436e-11;1.3302245349205148;0.030866871131129275
ENSMUSG00000023827;-1.8513303677125859;2.6004947496039494e-08;1.401458494881796;0.007226368254622476
ENSMUSG00000023885;-5.38213539407158;7.148942514599434e-93;4.536737645635543;2.437950748392257e-06
ENSMUSG00000023964;-5.361940359926873;8.626758855260762e-11;3.1314882739781598;0.03577152811560858
ENSMUSG00000023972;-3.7320566277259886;4.1746683387288887e-32;3.2954924127878065;2.425363407385154e-07
ENSMUSG00000024041;-8.769110067475616;2.698573566331387e-06;8.556164035997439;0.00514282918128327
ENSMUSG00000024044;-2.776467626931088;1.9840104591466607e-23;2.437261917448929;5.066905684158058e-05
ENSMUSG00000024065;-1.9476508535874542;6.656144598348343e-13;1.3044621711398208;0.04467109574666901
ENSMUSG00000024208;1.2640349944664175;2.2003711742871592e-05;-0.6673560683768455;0.0390270733493971
ENSMUSG00000024270;-1.3967013355589073;3.1091678377978164e-08;1.0390559119620486;0.0221062443503651
ENSMUSG00000024304;-3.0210125357696893;6.955639901110853e-14;2.20945204612587;0.0056022386591666985
ENSMUSG00000024399;3.2178044849682457;0.004528752218278664;-3.2083733543271613;0.029100127625378523
ENSMUSG00000024420;-1.3265856033971444;2.1057032813327e-14;0.8785495051089859;0.011391217445852121
ENSMUSG00000024421;-1.8911505145837915;2.743317040752531e-07;1.376811063602235;0.027868391734947883
ENSMUSG00000024456;1.0333205996465726;2.317965622992363e-12;-0.5827454575029306;0.00809343664199022
ENSMUSG00000024501;-1.382388677184686;4.743384662755798e-10;1.2161213670499924;0.006427487092459973
ENSMUSG00000024529;-3.2481940509740843;8.798168866364382e-38;2.679438601820291;0.0026431575994819395
ENSMUSG00000024534;-1.4831597240365728;1.2179419436570641e-09;1.0524677096171202;0.024430744360949993
ENSMUSG00000024538;-1.6323688685916102;8.776253105737793e-12;1.076573071833655;0.005908256142373049
ENSMUSG00000024593;-2.2388557611887894;3.3448059717615316e-07;1.5728845588238112;0.005266507171764748
ENSMUSG00000024640;1.832760171740816;4.6136805451904934e-07;-1.1048581954311776;0.010748384304152815
ENSMUSG00000024663;-1.1403634320320588;3.349093779390929e-08;1.1473694397112681;0.02074519298107138
ENSMUSG00000024664;-1.9581352330140096;1.8495382774112057e-12;1.8491464833242133;0.000601522754265989
ENSMUSG00000024665;-2.485432838332243;5.931216400392312e-13;2.1388984410864276;0.0001796623988293462
ENSMUSG00000024670;6.797410607437737;0.005991964527620188;-5.3480219647112985;0.005522347600341984
ENSMUSG00000024736;-1.123929835802902;2.257524647384284e-07;1.4189867437040704;1.3296778405220908e-06
ENSMUSG00000024769;-1.2200713901560722;3.5294071953713943e-07;0.9944559308187058;0.0007043411645016745
ENSMUSG00000024781;-1.0558752327853274;7.865646413646661e-09;0.7610030817685944;0.010566206873391128
ENSMUSG00000024846;1.8826804184115988;6.300812725389183e-12;-0.8607287282854484;0.027456676437653725
ENSMUSG00000024892;-1.7182393672953293;6.053691183863228e-14;1.0856059361076686;0.0003590212089492429
ENSMUSG00000024909;-1.3250346036937757;3.900906481281769e-05;1.109859475432568;0.049600839116667204
ENSMUSG00000024910;2.9383865302832466;0.013756329616373455;-3.7548327910831847;0.017104375940313176
ENSMUSG00000024912;3.660734473919502;6.264063779598228e-16;-1.1399774041185349;0.004563060795342668
ENSMUSG00000024998;-1.388531029564498;1.672544001905227e-09;0.9123107893656427;0.02391381113875896
ENSMUSG00000025007;-1.2934171211941585;2.8065136254145984e-06;0.8842086267730639;0.04485419519386018
ENSMUSG00000025038;-3.4444274623037736;2.1557376414011606e-14;3.1085414054110307;3.07901063690915e-10
ENSMUSG00000025170;1.7564622436194937;4.129510170688434e-11;-1.1764486247103199;0.00011930310323088622
ENSMUSG00000025270;-2.4313111885417173;8.049264081478007e-11;1.4737196617542208;0.005526433902901433
ENSMUSG00000025352;1.2480843782345696;8.942552812883298e-06;-1.5798653610869429;0.00010311223825227904
ENSMUSG00000025355;-1.557880740050124;1.6027383392702761e-06;1.0690564139123453;0.03346738584937911
ENSMUSG00000025420;4.576780493389304;1.1411000365690923e-38;-1.652426132673898;3.7016976296165974e-09
ENSMUSG00000025475;-5.893255557418514;0.0003008349382432933;5.137328861465272;0.030160098814054303
ENSMUSG00000025478;-2.3459887862631756;1.1147581296913841e-08;1.8354714036254092;0.009573088934567152
ENSMUSG00000025499;1.1215018777752492;2.7937408599996465e-08;-0.7222206347591168;0.0022582710835610336
ENSMUSG00000025510;1.0764239814668046;5.183873841947981e-07;-0.47489673753114575;0.03668198071515135
ENSMUSG00000025529;-1.9372361896406356;0.00519975454738047;1.7702744968835231;0.034327469751610794
ENSMUSG00000025610;1.9773924577769666;1.85212474560849e-12;-1.2677307605500137;0.0010618454228431588
ENSMUSG00000025743;-1.8057029792639756;1.0140719551460892e-11;1.4377711301946667;0.003186481345717233
ENSMUSG00000025889;-2.1657118577412593;6.778983156213606e-09;1.2592703162244234;0.03594345988555574
ENSMUSG00000025931;1.8258914110651903;7.616376882200892e-06;-1.0663904229043062;0.0448269406330614
ENSMUSG00000025969;-2.1965189755976047;4.636148098749296e-13;1.6767379076772342;9.146621684214126e-05
ENSMUSG00000026012;2.568021465757688;2.4956326235617726e-08;-1.2824743923394757;0.025567305208473445
ENSMUSG00000026042;-3.2874413940668767;2.8405482427124806e-29;2.5149084749040704;1.7629805226804932e-05
ENSMUSG00000026043;-2.8710354271232306;2.407360399580213e-26;2.2759525755998893;4.718245488865558e-06
ENSMUSG00000026051;-4.600833527485887;8.821906406390708e-07;4.3676301238614075;0.003354497893166165
ENSMUSG00000026072;-1.1403394448960336;1.6643234832200828e-05;1.0936161301371965;0.042533683909748946
ENSMUSG00000026074;-1.2832973952043067;4.7414652090122143e-07;1.0153221938911643;0.000569981443340659
ENSMUSG00000026193;-2.436190682921357;1.0556814444658353e-14;1.6483059958754631;0.006244443927881386
ENSMUSG00000026200;-1.694564883502263;7.283366037530064e-10;1.1425524351699268;0.029076506977424487
ENSMUSG00000026205;2.5976535211616394;1.8683105943895022e-07;-1.415353406205523;0.026913936561003472
ENSMUSG00000026235;-1.9505344668466769;8.28246347999509e-15;1.7015301472013356;0.0018498939044538816
ENSMUSG00000026241;-5.640766107827743;5.776328868827276e-08;5.53398268512123;0.00027760982777753413
ENSMUSG00000026251;4.991745619641525;1.2922601300641303e-07;-1.733616164334084;0.007226368254622476
ENSMUSG00000026308;1.3736854761785549;1.8981997225141963e-16;-0.7762270059310941;0.008657348124749355
ENSMUSG00000026315;2.416879523305053;2.411875198405546e-07;-1.3740204228001633;0.008138371466124958
ENSMUSG00000026399;1.1957194103168942;5.245702435902837e-15;-0.5977352001876748;0.0019020693357950564
ENSMUSG00000026547;-1.00506691323934;2.921943596216194e-05;0.8102012390502742;0.00943448918496413
ENSMUSG00000026558;1.5286222962799831;6.857240900825357e-16;-0.8817528293500863;0.0010809361101032798
ENSMUSG00000026566;-1.500741260366502;6.287321556138057e-13;1.205189206733687;0.0010198915094364422
ENSMUSG00000026582;-4.293190627240677;0.00010014564916070292;3.598183097881357;0.04359906322266708
ENSMUSG00000026586;-1.2147795876444958;2.146833953670946e-12;0.9602152924027392;0.00022859312617010702
ENSMUSG00000026640;-1.2682899062156978;9.411225881072456e-08;1.0636931751392789;0.00014141269255336253
ENSMUSG00000026676;-2.705823157483856;6.484095826991703e-16;1.63068280956097;0.020248842963490735
ENSMUSG00000026725;-11.990192699273171;1.0121862456012971e-135;10.921156905079439;1.4373639915125128e-21
ENSMUSG00000026726;-3.477018558230091;3.466717172782691e-08;2.9929780747862833;0.0041637633470602555
ENSMUSG00000026749;-1.6037143544765855;1.0134813871302527e-17;1.2751710792601025;2.5382268257197124e-10
ENSMUSG00000026768;-1.6661123545848981;5.931953147821235e-11;1.2959523872827605;0.03860767627669677
ENSMUSG00000026826;-2.1167840177772974;4.480836967911021e-20;1.5753560700939535;0.0003082086805535815
ENSMUSG00000026837;-3.0686077045415394;1.0243548201244468e-32;2.491332368826786;1.08299605027165e-05
ENSMUSG00000026880;1.5871008304988683;1.919811437929173e-11;-0.651225255231899;0.02368311802303891
ENSMUSG00000026938;-1.3965686487386701;0.04389543009821336;1.736631784002867;0.0010809361101032798
ENSMUSG00000027009;1.0665822751270924;7.235221357302451e-05;-1.198665860894613;0.00016627045358354146
ENSMUSG00000027068;2.2862974298491543;0.005293378309763246;-2.2986861938061134;0.010709006997914317
ENSMUSG00000027202;-5.759195288915988;0.006800128883093062;6.165298704796063;0.030827721885030964
ENSMUSG00000027217;-2.1803739801136746;2.8805149764377313e-06;2.2548639619396993;0.0005546097671897261
ENSMUSG00000027224;-1.8950147735948972;1.8255579882964156e-06;1.7150313648993294;0.003369011805264796
ENSMUSG00000027230;-1.970271184086048;6.627011246967898e-08;1.6789629132078923;0.010796465126520483
ENSMUSG00000027238;-3.2278255105117912;3.5267414947031377e-10;2.8282172864921287;0.020941314721259204
ENSMUSG00000027239;-2.50107019801462;3.109159210509372e-17;2.2803042233255337;0.0009160806188263011
ENSMUSG00000027254;1.5293672038951862;5.178469751836373e-10;-1.1318815861928555;0.004798015341501622
ENSMUSG00000027276;-1.37473017599002;6.30316826948469e-10;1.1017493311544362;0.0016472294313231433
ENSMUSG00000027293;1.4461933847398052;2.5177488920932896e-11;-0.89859493308335;0.001016883667732171
ENSMUSG00000027327;1.2726452457822688;4.4750655075870045e-08;-0.6271527111202507;0.04569882078347348
ENSMUSG00000027408;-2.811069915351516;1.0802191013342234e-21;2.8017472000298715;6.472298091647994e-06
ENSMUSG00000027559;-1.8617729877994433;5.627038578243052e-12;0.8353600444836067;0.008484241237729177
ENSMUSG00000027646;-1.0144990800682436;0.0015925683272469539;0.9316977062972537;0.042521940233628965
ENSMUSG00000027656;-3.9184690733676546;4.138855341436571e-34;3.990447157494616;0.00010165792233902234
ENSMUSG00000027661;-1.6003696218230092;8.18884210980482e-09;1.261126821791688;0.010503004611139876
ENSMUSG00000027670;-2.4247235764474473;1.47600998249917e-06;1.745423041346018;0.027259590415841996
ENSMUSG00000027750;-5.208263521246154;2.6781920640856734e-49;4.055102046493017;5.066905684158058e-05
ENSMUSG00000027827;-2.213887685735069;1.3755241601805296e-12;1.6054411226997218;0.007397348222099155
ENSMUSG00000027833;-2.6010239507886137;2.1407825493878658e-21;1.9358946437848068;0.0006655182622455855
ENSMUSG00000027840;-2.152095102545735;0.010984767407987973;2.374613177236572;0.04292966679387754
ENSMUSG00000027860;-1.247348026188428;6.869195529354055e-07;1.1235575330331335;0.005770151611637891
ENSMUSG00000027863;4.032209046568667;3.6674766843090406e-06;-2.1438411089845215;0.029111358539069924
ENSMUSG00000027864;-1.4113506438471661;5.901900570856548e-08;1.3801963825973376;0.001016883667732171
ENSMUSG00000027966;-5.700772914603283;2.6585577312589828e-65;4.796041084858324;4.017790306633267e-06
ENSMUSG00000027993;-2.181843514752754;6.221820720829478e-16;1.9521267632974693;0.0011615086738565135
ENSMUSG00000027996;-5.21481133271703;4.131692185109328e-08;4.404311920809456;0.0016233782995975707
ENSMUSG00000028007;-2.078197480746026;7.369372798908108e-12;1.2130564557491823;0.0050083881715327315
ENSMUSG00000028023;1.2925289610855744;4.068396462511095e-10;-0.8835448333906135;1.331611807359327e-07
ENSMUSG00000028036;-2.3840783946299577;9.40972298216412e-11;2.063923159475784;0.007252715483142485
ENSMUSG00000028040;-2.3405708704825003;0.0015433565041467134;2.5663320926259496;0.023122268978377943
ENSMUSG00000028047;-1.8402295033886549;4.705162771419711e-09;1.3409917449189812;0.005260636602821026
ENSMUSG00000028098;1.2566812926680717;9.0571818337487e-29;-0.7329684734640628;0.009409306431118633
ENSMUSG00000028111;-4.631893057446341;6.181810382622599e-29;3.2604250574923075;0.001022739546113872
ENSMUSG00000028132;1.2319590248893124;4.515978837469598e-05;-0.6796981438721732;0.010748384304152815
ENSMUSG00000028238;-6.472863161746781;1.82332562567761e-14;5.024050271882646;0.00021327834800520363
ENSMUSG00000028246;-2.6884580280199706;1.0776675709627494e-05;2.0315858853012303;0.010593330652392432
ENSMUSG00000028348;1.0872506215509232;1.9208278191359726e-11;-0.6789811446805345;0.02418453343466024
ENSMUSG00000028351;-6.263974079723508;2.542135302610034e-10;5.053940798938643;0.00011414808007082125
ENSMUSG00000028358;-1.810206200439455;5.06209529232e-05;1.838665284697455;0.009273497047828583
ENSMUSG00000028364;-3.352111270583064;2.206954755381525e-19;2.5164749269401363;0.021466531303972636
ENSMUSG00000028399;-2.8222457100069196;9.129740294710394e-35;2.2930434198897136;8.406070850476523e-06
ENSMUSG00000028417;1.9494156591771656;6.8924321851026575e-06;-1.1846168224895959;0.02357846365377286
ENSMUSG00000028497;-1.2802149318910694;4.799566925598943e-05;0.9144971986983497;0.04651721460112279
ENSMUSG00000028532;-1.0793551451702657;2.732030071077524e-07;0.8664364817456577;0.009145076810068332
ENSMUSG00000028626;-2.8387155857991786;1.6252704566937477e-05;2.6677189783275392;0.0238263385432812
ENSMUSG00000028631;1.8104085745002172;2.486348758117134e-17;-0.7814497528846547;6.768099459982598e-05
ENSMUSG00000028634;1.3940833529513375;5.6910954117956065e-05;-0.9480588043857772;0.02792369248226598
ENSMUSG00000028641;-1.2802840783152112;3.172555559977624e-12;0.8960113666925323;0.04076206504641799
ENSMUSG00000028664;-1.501314753793277;1.166004886488347e-05;1.4463515611629385;0.01984940129557565
ENSMUSG00000028766;-3.646986932416676;3.1107338206950423e-37;3.23291580102591;3.557691859311824e-11
ENSMUSG00000028782;-1.4607934898604098;0.0002260335237092597;1.6198389648938494;0.002366836998273545
ENSMUSG00000028785;3.304770725973686;0.001573188103693138;-2.9385956816502796;0.015421157911045438
ENSMUSG00000028840;1.8381515862573004;2.7821988752370863e-08;-0.9973547828101738;0.0009629439750269797
ENSMUSG00000028909;-2.0449236658778562;6.134029452121118e-07;1.883133996725089;0.0031066849511851534
ENSMUSG00000028919;-4.556001090920685;1.1743631903659122e-36;4.282632942267634;5.91998330555704e-08
ENSMUSG00000029005;-6.793084664334251;4.1968299015237624e-27;6.456797653869049;2.3039001114342024e-06
ENSMUSG00000029059;1.0341344731810966;0.0005888238517620388;-0.6804747768211783;0.0023777059366561766
ENSMUSG00000029061;-2.3345648849261114;2.6267745468835924e-21;1.9440301274352834;0.0031362741730659735
ENSMUSG00000029119;-1.8695923470352969;6.484095826991703e-16;1.5046197200607412;5.5565791885435095e-05
ENSMUSG00000029123;-4.120843003225887;2.48234796905109e-10;2.903752000747046;0.03825494692007682
ENSMUSG00000029126;-4.516700239159644;8.089216628667742e-55;4.0666109330607165;8.406070850476523e-06
ENSMUSG00000029135;-1.2231842323358093;1.1865806419312978e-05;1.2238918923465203;8.557784440278621e-06
ENSMUSG00000029163;-1.6479085717073279;1.5153903142711238e-08;1.4743550977185202;0.014205272983409756
ENSMUSG00000029185;-1.686144222148239;1.935684486066786e-13;1.1485570094493727;0.013882893102038297
ENSMUSG00000029304;-6.9092149787841;8.494892752131161e-63;6.0265562345753425;8.419635228993488e-07
ENSMUSG00000029306;-10.55724249897074;2.8405482427124806e-29;9.263173606405068;9.69691802828655e-09
ENSMUSG00000029307;-3.8876629507540374;1.1998828501472174e-05;2.907847502334252;0.0004272411731392464
ENSMUSG00000029343;1.7704482369773284;0.017103673020177398;-2.2044622440344512;0.023048047624279425
ENSMUSG00000029381;-1.2026244357197957;0.0028903240725405483;1.1524811976733496;0.018834880230749775
ENSMUSG00000029419;-4.390723436168233;2.1052052456172314e-07;4.527068792245821;6.17752425142803e-05
ENSMUSG00000029503;-6.609255808579373;0.0017720846559742861;5.946392020647666;0.035785656146839546
ENSMUSG00000029563;-2.0359986371984675;4.205842232651604e-10;1.700291079970029;0.008323975376728205
ENSMUSG00000029642;1.0826931296742424;1.4023084215679863e-07;-0.6400418715262653;0.016679975978350404
ENSMUSG00000029649;1.1312878447401202;7.702609538768808e-10;-0.6712779121336092;0.0049526219743399455
ENSMUSG00000029661;-3.3716756103582375;9.173032913200083e-53;2.728321837222195;0.00124785549188914
ENSMUSG00000029671;-5.4536207528503;3.8462167975120274e-19;5.328120119184128;0.00016084172361053816
ENSMUSG00000029672;-1.5408903603618247;2.385750381550426e-10;1.03708850984847;0.006427487092459973
ENSMUSG00000029675;-1.4408031078641983;1.2113291721800596e-06;1.8175473303491354;4.481418462931972e-09
ENSMUSG00000029716;-4.613908136523759;1.1689010854795325e-05;5.059614336335234;0.0024288007460064958
ENSMUSG00000029723;1.6541457061453688;3.231128365813646e-42;-0.611406207058051;0.0003271529368888261
ENSMUSG00000029754;-8.145319392588858;2.8626704901796625e-05;7.956740431715286;0.0009283300766294307
ENSMUSG00000029755;-8.22726089691907;1.6353119292845897e-12;7.803783333349684;1.5323750332807096e-05
ENSMUSG00000029761;-1.6942200731300472;7.022265997386674e-12;1.4207505683243722;0.0015224210352664464
ENSMUSG00000029802;1.125994499592193;8.2089771284657e-20;-0.3924654890382921;0.001982657240864081
ENSMUSG00000029816;-1.3240088385023958;6.541763055121263e-10;0.9250905595495431;0.04126272742449236
ENSMUSG00000029832;2.937346974343026;0.004370170177146484;-2.392190985733922;0.037654276783707766
ENSMUSG00000029838;-4.306378384971248;2.78416836717554e-13;3.5796094098997826;0.001537009699943222
ENSMUSG00000029851;-1.2410751547190908;0.00013301813000954194;0.8911070487356367;0.024945448353787213
ENSMUSG00000029919;-2.474109243455452;2.220090663285771e-12;2.043039254554365;0.009141621326476407
ENSMUSG00000030022;-1.8752089360914477;1.805225199748861e-11;1.8059593659267306;9.797412792155234e-13
ENSMUSG00000030074;-4.32816461835996;7.334502430833274e-48;3.683959919239587;0.00010823371014369357
ENSMUSG00000030102;-1.46475091974271;1.9235154213468935e-09;1.1191004715415835;0.00831836446247089
ENSMUSG00000030170;-2.4172193058679468;5.2203321831595045e-12;2.569721163211347;0.0001666249738315288
ENSMUSG00000030187;3.349683015301859;0.009718540117692005;-3.3322101673145097;0.028404658635707257
ENSMUSG00000030323;1.9768723283546223;6.547202291259157e-13;-1.2337709335367695;0.0003409406376620648
ENSMUSG00000030494;-1.4413455173292051;0.0001586549519404218;1.4432492410318847;0.0001435890644278602
ENSMUSG00000030525;-8.151275290215741;2.0099055999984894e-05;7.239715504212638;0.0026676765777041284
ENSMUSG00000030584;2.396647494539763;1.2291693410322686e-07;-1.630606233715433;8.09490807165515e-05
ENSMUSG00000030600;-2.7950135255573945;0.0012953919497517886;3.2074810769658657;0.007146653100283101
ENSMUSG00000030607;-9.078325528369021;9.410085225510116e-46;7.857527779237851;1.627683231797511e-05
ENSMUSG00000030616;-3.732163384596327;3.877845060043e-35;3.2817097687328025;9.809222069840004e-09
ENSMUSG00000030681;1.6339875309286631;9.920356268262422e-14;-0.6491578810080135;0.018369633920393272
ENSMUSG00000030761;-1.819989312000231;4.5461963099456444e-17;1.2301860339461068;0.009145076810068332
ENSMUSG00000030772;-5.498214670199698;7.436567971393925e-76;4.871877948254457;5.278475008709905e-07
ENSMUSG00000030796;-1.4688932041437164;3.5069859858646135e-10;1.2145632113827167;0.0030710506138502446
ENSMUSG00000030849;-7.589403526511618;1.9015790947840054e-90;7.042419181030662;5.206936704816604e-11
ENSMUSG00000030878;-1.193945586445187;1.3368292394760188e-08;0.8774881696437503;0.0009691085053909355
ENSMUSG00000030895;-2.49186826528099;0.04674043658790239;3.0003696111164295;0.02538974026868986
ENSMUSG00000030898;6.336989931535391;0.004056270303577164;-3.712214673655619;0.011257417879223967
ENSMUSG00000030911;4.849101248013952;3.3258405766157887e-07;-1.959983575161118;0.008927166118026936
ENSMUSG00000031028;-2.8183324723442302;6.745975055112783e-14;2.471354364683577;0.0008160190463316559
ENSMUSG00000031070;-1.7734796013491543;2.1492035575368037e-07;1.5487667102569171;0.014980773482603717
ENSMUSG00000031103;-1.3399041019838525;3.664430895865843e-07;1.0743949896932894;0.00124785549188914
ENSMUSG00000031274;1.6254031560246582;2.3371124225553437e-08;-0.8078682679012922;0.017583166017074475
ENSMUSG00000031328;-1.056507440949136;1.47600998249917e-06;0.8417436017299251;0.017104375940313176
ENSMUSG00000031342;-1.6377688648482143;1.0192454519039562e-08;1.2542309920889358;0.04352156472575708
ENSMUSG00000031343;-1.9807600718992304;5.896505502400906e-06;1.7123479625564209;0.015946849628139498
ENSMUSG00000031486;-1.1301213630131195;7.273673931209904e-09;0.9890140609270857;0.01034953629768207
ENSMUSG00000031530;2.3686318948118115;8.296061328494765e-22;-1.0652364459528092;0.02644957619888705
ENSMUSG00000031538;-1.70576072816706;1.1820529080918916e-06;1.2749116209633486;0.007979897057401644
ENSMUSG00000031548;-3.6510105971318416;1.2395514961559447e-29;3.2536393426930568;0.0037635953861405395
ENSMUSG00000031554;-2.6176609006002836;1.2683421129236037e-05;2.618286683129937;0.012142549223905359
ENSMUSG00000031558;-5.5933724753906;7.221029277026169e-34;5.51415655063471;9.59213383821906e-07
ENSMUSG00000031561;-2.137444413974321;1.4891107894453223e-33;1.6725182481432206;2.1826970451691393e-09
ENSMUSG00000031595;-1.9164140060677328;3.415125441205552e-13;1.2832657367926166;0.03625150536022052
ENSMUSG00000031609;1.6512882088355036;2.7821988752370863e-08;-0.832629877649693;0.024853777816322614
ENSMUSG00000031616;-2.2366555406004385;6.85072467603052e-30;1.8817924211226706;0.001060119623378058
ENSMUSG00000031637;1.388230401622982;3.692796605930615e-09;-1.219477338737599;9.69691802828655e-09
ENSMUSG00000031661;-1.8024389313430687;3.15042587940751e-07;1.7019987041146494;0.014853084582759487
ENSMUSG00000031673;-5.14682287767255;5.4852169966798355e-56;4.637557522899718;7.973487605905256e-06
ENSMUSG00000031740;-2.9629863565964962;2.270056786486197e-21;2.3448773295784417;0.005522347600341984
ENSMUSG00000031748;-1.6080972140292982;1.2660950484462736e-10;1.193128361431433;0.0005112441861668274
ENSMUSG00000031757;6.517939110487027;0.0024620271121076564;-3.407924473322753;0.023048047624279425
ENSMUSG00000031760;2.9719758373313505;6.458001561279832e-10;-2.401982246117389;9.200710231956911e-07
ENSMUSG00000031779;4.27118944917756;0.003672648352457034;-3.3325366677305928;0.01034953629768207
ENSMUSG00000031780;3.888992216683788;0.0021154282994959926;-4.064037322414296;0.014170655710797541
ENSMUSG00000031825;-2.5330766072749293;3.643619561233269e-17;2.045371316209323;0.0017444049758259667
ENSMUSG00000031870;-3.34850111878588;8.369905842558751e-09;2.8923479463268515;0.004930859235920255
ENSMUSG00000031875;-1.4427837526898026;2.4437428597895265e-08;1.302201656263063;0.004807183520736409
ENSMUSG00000031897;1.4992213772636136;0.0012706242206392616;-1.2442497970188553;0.04126272742449236
ENSMUSG00000031958;1.3194092969835842;3.729881219634556e-20;-0.8671626448821023;1.5963814525899884e-09
ENSMUSG00000031997;-2.8231012787046126;8.474175018606677e-06;2.459643832537108;0.003354497893166165
ENSMUSG00000032006;-1.576117982733458;7.44158983905742e-06;1.3121859121143296;0.004532112035617586
ENSMUSG00000032020;1.3256229263035577;0.00038275291911632725;-0.7911617595885402;0.04651721460112279
ENSMUSG00000032024;-2.12079953875479;4.9552598245861454e-18;1.914572244631691;2.1581741655124934e-05
ENSMUSG00000032068;5.234050531464661;9.206450815272263e-22;-1.585753153760165;0.0068583472862559685
ENSMUSG00000032122;-3.43349221963848;2.8942913880579376e-17;2.434537285112071;0.001016883667732171
ENSMUSG00000032181;2.423870647995177;0.0031105508977514306;-1.7955474146045343;0.011842614025404978
ENSMUSG00000032193;1.4987151338971116;4.1147997241292277e-11;-0.648904474101599;0.011911925752789978
ENSMUSG00000032243;-4.364706738451654;1.8745768142499976e-40;3.7552660683303394;5.003943097544243e-05
ENSMUSG00000032289;-1.9148712033161275;6.830743101061902e-08;1.3972641359560427;0.033184153887280805
ENSMUSG00000032313;-2.5035818170876234;1.7052003977814673e-12;1.9990125395720197;9.592758452597069e-07
ENSMUSG00000032332;-6.33654796533603;1.3273041193760525e-85;5.600830949538227;2.0893138880123684e-08
ENSMUSG00000032334;-1.0193788127474832;1.700533634473404e-05;1.312412993668156;0.0008454435235786563
ENSMUSG00000032340;-1.2139712285423625;1.830662336755227e-07;1.0135175570427781;0.0024833305644155236
ENSMUSG00000032356;-4.243947614746349;0.004095553364799637;4.8286116976062345;0.010709006997914317
ENSMUSG00000032373;-3.8640046894413156;2.352851206303465e-06;2.8750430028178178;0.03508687207936079
ENSMUSG00000032374;-2.764792952227665;9.577482687170837e-16;2.074226045518872;0.0012469378552014928
ENSMUSG00000032401;-2.6551705789336864;1.7740635019754573e-05;2.3173543156928518;0.022905834413349743
ENSMUSG00000032419;-2.1424566493426433;3.7915877639470175e-12;1.6258863210839298;0.014205272983409756
ENSMUSG00000032431;-1.3359642074838365;5.385206853463062e-07;1.037764747128214;0.038018188729740277
ENSMUSG00000032487;2.0892268215163843;0.0019258701190506234;-2.3538797208608733;0.0004182816988125586
ENSMUSG00000032492;-3.815650983897115;3.530834702458357e-39;3.529684910537582;0.00028540135981903314
ENSMUSG00000032548;-1.8419885355542454;4.16865983659685e-18;1.7425661716929048;0.003109608233042131
ENSMUSG00000032577;1.349170825417722;4.505571153707704e-16;-0.6208984696382053;3.378220816940013e-05
ENSMUSG00000032584;-2.103773594283765;6.557255620286159e-09;1.5862742939306207;0.0034203403890450484
ENSMUSG00000032625;-2.2976247260364913;3.414888513071572e-16;1.9994781555437795;0.0006097163805899293
ENSMUSG00000032640;-1.6214584284661877;5.985353827713448e-11;1.3816884403219274;0.03465510066812168
ENSMUSG00000032667;1.066983308771067;7.455592252552751e-08;-0.5695918113105102;0.04148271262635768
ENSMUSG00000032717;-1.1988782522243122;0.00011280011375220726;1.554402028124366;0.011391217445852121
ENSMUSG00000032740;-1.0073605629600324;0.00039873025154314555;0.8067409682384734;0.049716783072388845
ENSMUSG00000032925;-2.4659737602786245;4.072934493829197e-22;1.8659975442135777;0.005729442913456347
ENSMUSG00000033207;-1.9947975233484365;1.5511613493585218e-11;1.2700644759914237;0.015397017294134223
ENSMUSG00000033208;-2.05190195801047;7.710792121898673e-07;1.7969476712780692;0.004930859235920255
ENSMUSG00000033256;-1.1152752900537828;1.2457007326241841e-05;1.3061110024481186;0.0016648409108032292
ENSMUSG00000033295;-1.792025229021825;3.7949044086138255e-12;1.8499321808055018;3.5106791888584565e-05
ENSMUSG00000033307;1.0272546994770986;5.12345923271841e-06;-0.559120641773696;0.03942695261737225
ENSMUSG00000033316;-3.10396269189678;3.112220458300979e-08;3.0811625877270994;0.006358346834873619
ENSMUSG00000033342;-3.811849097244109;0.011958198827772045;3.9584799226188325;0.02328152228808889
ENSMUSG00000033350;-2.3764170512806277;1.3954251054696731e-14;2.125632563751006;0.0032714433750082924
ENSMUSG00000033419;-4.087027799915281;8.626758855260762e-11;4.055693060617441;0.001022739546113872
ENSMUSG00000033420;-3.2578371037660685;1.1954856925742604e-34;2.7188325293000615;0.0021372155045630216
ENSMUSG00000033453;-1.0884171404323695;0.010957769541369535;1.1960154619347705;0.008944869172837404
ENSMUSG00000033478;-1.1437377930697272;7.828278206939394e-07;0.6778241722301459;0.03026825509777764
ENSMUSG00000033491;-9.771531969140591;3.6713933303734025e-43;8.444898566501587;2.380207453708967e-09
ENSMUSG00000033544;-2.186137142328649;2.8727434514521135e-09;1.2582496985923841;0.02966197988364373
ENSMUSG00000033581;2.133192990286099;2.010012545101115e-07;-1.1009161134158354;0.036371083386700226
ENSMUSG00000033684;-1.1279663233435824;1.2424540026183122e-05;1.0480253773554773;0.0017444049758259667
ENSMUSG00000033717;-2.542772750666026;4.966728019453376e-11;1.9714944151065998;0.04051098845530363
ENSMUSG00000033722;-1.4377697450639366;0.00016607093105557472;1.27097186618834;0.02610590343406668
ENSMUSG00000033855;-1.911643413859979;8.52493209254523e-06;1.2390451712152504;0.048393611071578975
ENSMUSG00000033965;-1.0682176152779388;4.424620713130044e-10;0.8816717960569758;0.013733522290257994
ENSMUSG00000034127;1.1426392657128608;2.5656148475651387e-05;-0.9325276364619972;0.000519010962147291
ENSMUSG00000034205;-2.2610853672181666;5.182600377565103e-14;1.4677985093118635;0.0023181176295189146
ENSMUSG00000034271;-1.7388140265026375;1.8499965933545423e-10;1.3522429007965873;0.000519010962147291
ENSMUSG00000034390;-1.6408822992208294;2.0750807552444684e-07;1.4439387132484016;0.0026249888342477446
ENSMUSG00000034435;-2.8119704986812573;4.68519213455202e-11;2.5740394125243933;0.00042051747548626535
ENSMUSG00000034462;-1.1130965868392184;1.92265860158211e-08;0.8003866259489135;0.017266428664845918
ENSMUSG00000034463;-2.585015546641462;7.164149988906067e-20;2.247804960950429;0.015022457934043781
ENSMUSG00000034472;1.1937659769722415;0.0020300032993722837;-2.0875568759640606;1.939686320600066e-14
ENSMUSG00000034488;-5.89471359762513;5.304184804098895e-16;5.364292067765244;6.17752425142803e-05
ENSMUSG00000034528;-4.789077602893234;0.00031812790351075956;4.186083844397508;0.04654362210505117
ENSMUSG00000034573;-2.1925932035782063;8.291314218557684e-11;1.5954308469706513;0.0209135506777896
ENSMUSG00000034591;-1.9928317776676345;1.7238795319801068e-08;1.507837490609422;0.014496628334546353
ENSMUSG00000034612;-2.304699825087049;1.239059641860334e-13;1.4588257871553383;0.02730962304238061
ENSMUSG00000034616;-1.0206368088686395;4.8909779013320204e-06;0.9395117361606781;0.012942969640251035
ENSMUSG00000034990;-5.134697779012907;2.0667456040897307e-08;3.855751351795181;0.0025367699043411388
ENSMUSG00000035045;-1.5749623150704373;0.0022360187233877713;1.5297149005671242;0.008132878839690822
ENSMUSG00000035095;-5.9430240991978724;2.511052201834053e-68;5.400545443380923;8.719310749658755e-07
ENSMUSG00000035105;1.7891340722188271;6.325958526478681e-17;-0.41614876405315715;0.009452370770936408
ENSMUSG00000035131;-9.67768791482198;3.292872789889108e-07;8.550943787696589;0.010036331540138594
ENSMUSG00000035199;1.4008394938059958;2.509713777218334e-13;-0.7196331804381277;0.005245944569736382
ENSMUSG00000035258;-1.8506155785103748;2.704884615065599e-12;1.2396110547609278;0.00956788603238085
ENSMUSG00000035390;-1.5823298669326453;1.1946374421586615e-07;1.2679035314278255;0.011371706178109417
ENSMUSG00000035413;-1.9736110468673147;1.9626336605421627e-14;1.607618178641319;0.0017711378328793396
ENSMUSG00000035441;-2.2033589214478426;2.0366056119200305e-12;1.4113990987226224;0.004060436223987386
ENSMUSG00000035540;-4.28172224885305;0.004356643574312903;4.020765024371718;0.021466531303972636
ENSMUSG00000035547;-1.820048869518806;7.75190469170881e-15;1.260592722281643;0.017295096046305216
ENSMUSG00000035561;2.8913602501682174;3.891978531376696e-14;-0.975746152232089;0.002843139476068689
ENSMUSG00000035799;-2.2837902899456783;2.0486616138801433e-14;1.7074633826265972;0.01660415059396302
ENSMUSG00000035835;-4.551705973896775;4.486354150376253e-30;4.404911257336289;2.5676561558199066e-06
ENSMUSG00000035873;-2.868695358826076;3.9546694037264065e-24;2.1182267223101836;0.000417657590367145
ENSMUSG00000035914;-2.2311483407831973;6.066780264018179e-15;1.8031997188639324;0.0025342041452955663
ENSMUSG00000035923;1.3178211690067076;3.6050405226438367e-07;-0.5574683121921472;0.010857015376026184
ENSMUSG00000036019;-2.1763589876586575;8.06581912909005e-12;1.7955428588167646;0.003461772352765885
ENSMUSG00000036103;-2.0009727105299393;2.7981112154040155e-10;1.5309534812103136;0.010593330652392432
ENSMUSG00000036155;-1.9498988219917988;1.8509630239982715e-15;1.5788999935332353;0.003492125131666955
ENSMUSG00000036181;1.3957847018101948;5.013565330756219e-07;-0.7737263777141066;0.03543331224077624
ENSMUSG00000036218;-3.955500218633856;1.7505179479294927e-06;3.9490044714244292;0.0031362741730659735
ENSMUSG00000036242;1.1451073405142962;2.4893641617452847e-07;-0.7170097249228878;0.008537313546955274
ENSMUSG00000036334;-3.697716005036153;1.6181265277839285e-54;3.035992689712834;0.0011615086738565135
ENSMUSG00000036412;-1.0265743716850104;0.024085075090567207;1.3080401376588644;0.005522347600341984
ENSMUSG00000036446;-2.8938683517391057;1.7134166979308875e-26;2.3067571977571637;0.012177633955441157
ENSMUSG00000036545;-2.2859910656589766;6.996788690023542e-21;1.9333306875625755;6.134342473279619e-05
ENSMUSG00000036565;-1.8762083879592297;2.3367446945769317e-14;1.862201768731258;0.00037212626066850986
ENSMUSG00000036596;-3.042810602598025;4.463410562124636e-13;2.4496820875790455;0.011391217445852121
ENSMUSG00000036599;-1.7695350687562792;1.6514751493902916e-11;1.2874875833556505;0.014923287166882251
ENSMUSG00000036743;-4.353046337061845;0.00013660873435947544;3.812271657711993;0.036969019430064066
ENSMUSG00000036862;-1.6575903780732524;1.5052762432015456e-08;1.6239822650336548;0.001900069742913281
ENSMUSG00000037016;1.981770835639148;1.3341903891098124e-08;-0.9835531806839334;0.010641441847344264
ENSMUSG00000037034;-4.310232079146896;0.038576631453387335;5.072634994036396;0.04301314951258846
ENSMUSG00000037035;-3.583419472804757;1.613892578535398e-23;3.178684785744886;1.831672650741501e-05
ENSMUSG00000037138;-2.502317719527699;1.4321598217999403e-13;2.147691043969216;0.04133806701880742
ENSMUSG00000037185;3.098431906909045;1.7224112081756454e-13;-1.7400742466114258;0.000585764639760455
ENSMUSG00000037206;-1.632803555950779;5.1658064820443695e-08;1.3119671196840759;0.01034953629768207
ENSMUSG00000037348;1.522584397532438;1.0133002228806046e-12;-0.4916100166630871;0.034288379376057956
ENSMUSG00000037410;-1.543811191058061;9.666926385012487e-10;0.9811887821942201;0.04294651829618915
ENSMUSG00000037418;-1.5653589629779174;0.001307820352849154;1.9078032599401902;0.04376319133065758
ENSMUSG00000037440;-3.461094040788101;7.578169446713046e-07;2.45430947725675;0.03800850724937985
ENSMUSG00000037474;2.2721570253939136;5.12345923271841e-06;-1.5867620777140268;0.001541766807539148
ENSMUSG00000037553;1.0233618620896467;6.794065423869993e-09;-0.48528783304339396;0.03825494692007682
ENSMUSG00000037601;1.289648293591053;1.949960252438051e-09;-0.9496937724180607;2.032820508947514e-05
ENSMUSG00000037679;-1.0867811235105802;4.717953408603753e-06;0.8547529931003;0.023048047624279425
ENSMUSG00000037686;-5.750089656971837;8.794186051255114e-20;5.3868705159516335;4.7467141512161995e-07
ENSMUSG00000037725;-1.0897599885848201;0.03724282986588772;1.553586876815627;0.0021881813290575082
ENSMUSG00000037852;1.3300639192616233;4.762347446762546e-14;-0.9698872388543807;2.1262505815217094e-09
ENSMUSG00000037994;-3.608017190646924;9.353606999868104e-12;2.3533834825845097;0.00851402992324598
ENSMUSG00000038020;-1.5638307167368506;0.00014239518272108107;1.5771909003350053;0.014185445004674306
ENSMUSG00000038074;-1.254200919540432;5.864680184314171e-08;0.8155638527808131;0.03587477044308012
ENSMUSG00000038128;-4.9984249307117254;6.617101887466775e-11;4.572435652399557;0.0004956168076991274
ENSMUSG00000038156;-3.9954042091107906;1.37406939749253e-26;3.2986742106181444;0.0007925377873290484
ENSMUSG00000038173;-2.448999956408281;1.0676014194671087e-16;2.1678337692159064;5.003943097544243e-05
ENSMUSG00000038233;-3.3845166073652098;9.203002633574026e-33;2.879991193141074;0.0001875256844042904
ENSMUSG00000038276;-2.519600483529916;9.837465408903058e-18;2.6628211832426243;1.143601332321938e-05
ENSMUSG00000038331;-3.0201630110374396;1.7641531062405896e-10;2.3726561935086377;0.001338495331809921
ENSMUSG00000038400;-1.352030479239818;2.1411927339649447e-06;1.0193229158264048;0.04527970777323549
ENSMUSG00000038402;-3.33670467578486;2.360877320294663e-06;3.265447163393433;0.0034203403890450484
ENSMUSG00000038463;-3.189481982726358;1.8250625763677096e-32;2.6328136639516324;0.0028613532520549243
ENSMUSG00000038552;-2.0025580158239698;8.296238250840605e-10;1.7777491236020464;0.0003271529368888261
ENSMUSG00000038560;-3.1039676239370686;3.4699864404870064e-06;2.4930492210868542;0.01856997323730098
ENSMUSG00000038618;2.8046046425394975;1.1262950328149862e-08;-1.4941971615581287;0.004142864718077157
ENSMUSG00000038738;-3.6921035217690927;3.464858470886499e-26;3.4847761181586585;1.7061812342011157e-06
ENSMUSG00000038765;-2.230570652741398;5.304964401035836e-08;1.9200391018044032;0.014239687326988378
ENSMUSG00000038860;-1.7902259414170218;3.870643052581154e-07;1.6569535303314078;0.006695044148515502
ENSMUSG00000038879;-2.042127836788363;0.00014593820085673215;1.6838449306512224;0.02751564287643582
ENSMUSG00000038903;-2.585610000276213;3.477633932979613e-07;2.1898553062341275;0.003377008703366391
ENSMUSG00000038932;-7.225341087589888;9.66475958313509e-07;6.072106174357059;0.003706682395016872
ENSMUSG00000039057;-7.136920209618995;4.6712674221906145e-14;6.435144563798405;7.050070863328378e-06
ENSMUSG00000039058;-2.8094985194668265;2.464573884431404e-07;2.3612867664640858;0.016102057092767495
ENSMUSG00000039137;-2.309585023314972;1.0784035670902599e-08;2.146790004156389;0.0009514697811895018
ENSMUSG00000039153;-3.653798314985819;8.798168866364382e-38;3.134651296338756;0.0033823459798109716
ENSMUSG00000039209;-3.809935761877178;7.372599724268577e-14;3.203495455612263;0.008919232208152345
ENSMUSG00000039234;-1.6296356785300279;1.5603901948333005e-14;1.2812396712644119;0.001890952453816917
ENSMUSG00000039236;-1.8674934533257557;8.586838539764315e-09;1.1505320910183638;0.008053848414128722
ENSMUSG00000039257;-2.1913926125182206;0.00035069671955491734;2.381442919996161;0.0007043411645016745
ENSMUSG00000039270;-1.077170849162893;2.424910511027726e-05;0.8474823993687359;0.0448269406330614
ENSMUSG00000039298;-1.1023237678389304;2.3415777174438853e-07;0.7130581271773517;0.030826153824453823
ENSMUSG00000039313;-3.9315381133761624;0.0007869261324824593;4.334989319906158;0.002636781457217644
ENSMUSG00000039357;-1.139902538653576;1.1108069059792473e-07;0.9469489705899844;0.008935206429525137
ENSMUSG00000039476;-1.8972546284858056;1.1564166332853334e-10;1.8118123350987645;0.01856997323730098
ENSMUSG00000039497;-1.44763060037677;1.2070482637285453e-14;1.2646130684172314;0.020237838602630027
ENSMUSG00000039529;-1.1041729872200878;0.00039443207460718947;1.154245667320867;0.0034087037514463625
ENSMUSG00000039646;-2.4867481737010397;5.132050196053829e-18;2.0918558623507133;0.0013133502644048463
ENSMUSG00000039683;-1.068841208289133;0.01469016066006419;1.1780336088404282;0.041689984642324734
ENSMUSG00000039706;-1.4423727269305018;4.085383582936548e-15;1.0367302541048715;7.807023145473781e-05
ENSMUSG00000039745;1.3143873716614862;8.474175018606677e-06;-0.7896963884022756;0.030280411792743836
ENSMUSG00000039873;1.0381227239966047;1.1830297393554965e-06;-0.44339831874121577;0.048288920136193264
ENSMUSG00000039883;-2.7393420573462604;2.765905444590702e-34;2.4029797542440803;2.6427627701376428e-05
ENSMUSG00000039910;1.0473731007076694;0.001568572212001683;-0.6533391764822456;0.037788669836986276
ENSMUSG00000040026;3.183635551517321;0.02667190921627501;-4.921786533259555;0.01937249001409074
ENSMUSG00000040102;-1.8477614430131308;1.0521383442544879e-15;1.421377857059432;0.0020642719778015376
ENSMUSG00000040152;-1.2278247009401724;0.00011553653274512563;0.9562408500477857;0.0009629439750269797
ENSMUSG00000040164;-3.8343959129127043;0.0002904810395257633;4.453843016281435;0.016735718473351324
ENSMUSG00000040234;-1.000857356578515;4.031883124526136e-08;0.6121366806914009;0.030826153824453823
ENSMUSG00000040249;-1.8387311374440458;7.476529526124412e-15;1.7560986903168088;0.0010203199015436301
ENSMUSG00000040260;-2.096202706266563;4.774127182953803e-16;1.7916259164070902;0.0008003730528342663
ENSMUSG00000040265;-1.114894780175029;5.2670333044164825e-08;0.560125019593623;0.025455883252078176
ENSMUSG00000040310;-1.8910410943273221;1.7875272192652938e-07;1.532765050383638;0.013657999415375323
ENSMUSG00000040387;2.342374592606678;0.006184861534436433;-2.1846944133730615;0.02933301441408834
ENSMUSG00000040473;-3.1656671278934896;5.635286848925139e-16;2.7465970883019644;8.711892525637895e-05
ENSMUSG00000040690;-4.743500141070623;9.857390806730398e-64;4.19473752402631;1.1130512424498855e-05
ENSMUSG00000040711;-2.7387420969152685;3.7089418170901036e-18;2.425570803302179;7.050070863328378e-06
ENSMUSG00000040722;-1.0130064205970495;3.7244643081528964e-05;0.7887307667230834;0.04230467052081563
ENSMUSG00000041272;1.9023878231991918;0.03337420028042519;-2.3594674556637263;0.03517793850460568
ENSMUSG00000041308;-1.4344129684079838;2.036345553186454e-14;1.1749257844303371;0.006427487092459973
ENSMUSG00000041347;-3.595619452484102;2.6353636731941883e-06;3.2457599942872846;0.010046254942906391
ENSMUSG00000041420;-1.5788177194796882;2.3846748042210485e-14;1.2166287796563404;0.00458825466086834
ENSMUSG00000041460;-2.034589142788709;4.6134003282994873e-11;1.1876720860759238;0.005522347600341984
ENSMUSG00000041479;-1.7015227195026308;7.698401727724286e-11;1.764531014261496;0.021466531303972636
ENSMUSG00000041548;2.058934314108755;3.2554401566495175e-24;-0.6527409513960318;0.028505071500244315
ENSMUSG00000041592;-3.546545396450414;1.1683318893558178e-20;3.1845239510497425;0.00013532691188222827
ENSMUSG00000041608;-7.9224176610093195;5.853612427846032e-17;7.703287603234001;4.128346740675616e-09
ENSMUSG00000041734;-1.994894380504529;6.546836719525879e-15;1.709357764753316;0.0008003730528342663
ENSMUSG00000041736;2.3450976079830954;1.1816145704192682e-20;-1.0100183167133474;0.00661181694990424
ENSMUSG00000041845;-1.960624663666691;5.935089824684903e-07;1.730862649843343;0.005682482784226001
ENSMUSG00000042035;-2.937182309907061;5.5830874186999e-30;2.5596767535893794;5.199292154264452e-06
ENSMUSG00000042082;-2.3931622919203273;3.10970594807152e-08;1.4054320527124686;0.01690907790933285
ENSMUSG00000042124;7.680844658727292;9.037881886870614e-05;-2.094480423120281;0.02021491085354831
ENSMUSG00000042312;1.997431589612139;5.537341739950403e-10;-1.2015857381095616;0.0024654457815041957
ENSMUSG00000042377;3.250763926075328;4.511958309236656e-16;-0.9658385370132185;0.00809343664199022
ENSMUSG00000042379;-2.2232759139234863;3.9839912780251607e-05;2.3958592378312886;0.0001054838542105032
ENSMUSG00000042451;2.195437360343579;4.491911841744955e-07;-1.1513142887047845;0.005770151611637891
ENSMUSG00000042473;-1.327085702282113;0.00011443512232013618;0.6522480473794681;0.04230467052081563
ENSMUSG00000042532;1.694503852894214;3.005363785234108e-08;-0.9994130414080177;0.02391381113875896
ENSMUSG00000042647;1.3350170915087787;1.7047151402193232e-20;-0.48819757998545976;0.027259590415841996
ENSMUSG00000042684;-1.2679783217223153;3.247634813710052e-05;0.7954143493603086;0.04552902284268516
ENSMUSG00000042734;3.400569615129984;1.2809842006382125e-20;-0.9616051102440785;0.04569882078347348
ENSMUSG00000042751;-1.589185801027489;0.007048111684808496;1.9393768666968114;0.027868391734947883
ENSMUSG00000042766;-1.9537710188449082;7.129160007189855e-09;1.9090828183377622;0.016679975978350404
ENSMUSG00000042821;-3.6403373697225465;9.931128936872205e-14;3.157832296261378;0.012177633955441157
ENSMUSG00000043313;-1.569722721919075;0.0007236137845332716;1.2233580387067673;0.04278436934046707
ENSMUSG00000043458;-2.774223213480962;6.8443885685505605e-06;2.3665553448722263;0.002945123599242917
ENSMUSG00000043556;-1.71517882958741;1.1202448763807996e-11;1.350882069488432;0.006643056994871473
ENSMUSG00000043587;-1.8487590012680855;3.511461604995827e-08;1.4356005798698879;0.007916997187353081
ENSMUSG00000043811;-4.247529636441307;6.023808741033025e-13;3.8970683427466186;0.00016078264930151074
ENSMUSG00000043822;1.1009943916734901;4.462549537674591e-12;-0.4054287010252652;0.040041599328952335
ENSMUSG00000043903;-3.1873052695550066;1.5981851559610993e-21;2.542844678030947;7.003087248196953e-08
ENSMUSG00000044042;-3.02291156573541;6.150589731627554e-20;2.367557155745444;0.0007271308320219037
ENSMUSG00000044080;1.0202032636291967;5.9588187946325485e-08;-0.7050091646689182;0.0007419516293252827
ENSMUSG00000044206;-2.705419413107049;0.001240475197234091;3.0568733720750925;0.0038642004500605742
ENSMUSG00000044217;-7.105371891952192;6.308789558519031e-10;6.50411085702613;2.4965660445251933e-05
ENSMUSG00000044303;-4.043771730359807;8.942552812883298e-06;4.09797245580341;0.006812528814368028
ENSMUSG00000044349;-5.204710782208958;1.4950939019277864e-47;4.833853417944765;1.1162800260243874e-05
ENSMUSG00000044468;-2.070530720497563;7.909707935923736e-08;1.1774972654861793;0.03825494692007682
ENSMUSG00000044550;-2.2199946030100874;3.070467630849479e-05;1.8059828749554474;0.022905834413349743
ENSMUSG00000044674;-1.733539325762181;1.5577198598963854e-09;1.3330426317543649;0.04467109574666901
ENSMUSG00000044712;-1.0722623153681923;0.00014681653337215457;0.7136291775287955;0.023048047624279425
ENSMUSG00000044734;3.4216895251350086;8.023936122577673e-24;-1.1723272903779993;0.010796465126520483
ENSMUSG00000044949;-1.3693336703913457;2.5273090449431938e-06;1.1172599766937643;0.0018815469582351835
ENSMUSG00000045005;-1.24259708116452;1.9824008575925955e-07;0.9541581195936472;0.01984940129557565
ENSMUSG00000045092;-1.136054397119656;6.352724614123389e-05;0.8502783510078995;0.020882900089657153
ENSMUSG00000045180;-1.1010582786970498;0.00027015093202614136;0.8283219719257233;0.014915046589686806
ENSMUSG00000045284;-1.3841003268721233;0.0009798802614795327;1.503314614605299;0.0012974476281121892
ENSMUSG00000045414;-1.382975089383222;4.756970063463798e-06;1.151749954958326;0.042533683909748946
ENSMUSG00000045594;-1.9652810353209667;4.4804619738697586e-07;1.226864358219446;0.02100493928041306
ENSMUSG00000045657;-2.8006196742843565;1.5525993376090434e-06;2.5119422235477855;0.0031362741730659735
ENSMUSG00000045672;-3.262940376661452;1.9348786192955458e-27;2.6151923531308268;8.711892525637895e-05
ENSMUSG00000045948;1.516744617056636;1.1438815978954356e-07;-0.5092778424529576;0.03923358351980295
ENSMUSG00000046167;2.5497912243724157;1.5613149298710126e-08;-1.9396400974966177;0.00022509049167484453
ENSMUSG00000046516;1.1038046776507744;1.5377877827193187e-08;-0.5685182189147979;0.008880095533263585
ENSMUSG00000046523;-4.209461764451736;0.0004602465499026675;3.8643130516883755;0.033823296356228494
ENSMUSG00000046573;1.0902156345461547;9.69625211532708e-07;-0.6038522777593327;0.017104375940313176
ENSMUSG00000046593;-6.296708157034634;0.004930332674033012;6.95883365662516;0.005977550946961011
ENSMUSG00000046699;-3.023435600951219;1.228181583436209e-05;2.396114328297926;0.025145369943196712
ENSMUSG00000046711;1.4914633931366503;1.3268062535359373e-12;-0.8341604780155045;0.002366836998273545
ENSMUSG00000046714;-2.97675448705014;1.399199092229438e-08;2.8269081712402753;0.0011614469803575174
ENSMUSG00000046743;-2.8969198668791547;1.0676014194671087e-16;2.1669181529259736;0.0019076504767487198
ENSMUSG00000046807;-1.7968102000036847;0.0014395539202500761;1.9050221076577214;0.04987450578768011
ENSMUSG00000047181;-1.6989945875222554;3.302637120056067e-07;1.52727508891104;0.02933301441408834
ENSMUSG00000047246;1.118879872076097;8.959718398325606e-07;-0.6152960966418578;0.028998495380995356
ENSMUSG00000047281;2.7033985721354266;4.6060981902019775e-12;-1.1984977027438546;0.0013987081218065564
ENSMUSG00000047330;-2.534910904648809;1.8145436751586255e-20;2.296722237744855;0.00013532691188222827
ENSMUSG00000047414;-1.8345734766036343;3.732433827971666e-09;1.5716113782416457;0.0155142115793826
ENSMUSG00000047443;-2.0167487996767486;0.002241483840523103;1.8452803120645107;0.005098423858764921
ENSMUSG00000047638;-5.20771140326803;8.162440624988653e-13;3.8378847534275944;0.0016958000309741793
ENSMUSG00000047749;-1.8121787629382404;4.5505926802256225e-07;1.6283575174146576;0.0010809361101032798
ENSMUSG00000047787;-5.377036545139398;1.3313451030653174e-37;4.986563821923988;5.679539929983707e-29
ENSMUSG00000048078;-2.827655439668638;5.989409387118122e-14;2.426613843088679;0.00015767475858094755
ENSMUSG00000048126;-1.7853191691316685;8.536727979900852e-12;1.222184451055439;0.015421157911045438
ENSMUSG00000048330;-2.0986069342494806;5.191157343281485e-12;1.5934250035304274;0.0009762801876385129
ENSMUSG00000048368;-4.207680126099978;4.984713171362381e-37;3.773532039660758;4.830610803225306e-05
ENSMUSG00000048521;3.686163524962478;0.000398796113447931;-2.6072517301544558;0.023001109466441006
ENSMUSG00000048582;4.142072713288745;1.5040993566949426e-08;-1.4338531726398298;0.016735718473351324
ENSMUSG00000048612;-2.007732548141607;3.5101243110996616e-12;1.3287353946458145;0.02382096086332563
ENSMUSG00000048644;-2.0000222065336795;3.240827708165887e-07;1.7909462477040967;0.003256610071412892
ENSMUSG00000048776;-2.7428238367053837;7.540120231162188e-16;2.4349999496077386;6.807873363565319e-07
ENSMUSG00000048915;-4.18943393840269;7.554080825273876e-32;4.037115853995702;2.4122744283720004e-07
ENSMUSG00000048924;-1.8389295594089452;2.0054707270141285e-09;1.5896759121122126;7.249551079254864e-06
ENSMUSG00000048965;-1.5341377058549426;3.919606362954433e-07;1.465498048107639;0.014809288755355803
ENSMUSG00000049001;-4.182211660591729;2.046082040536128e-20;3.074544167499713;0.0014117892421623617
ENSMUSG00000049093;-3.7348761882819836;0.02729070232818556;4.625913930122532;0.0400223307681573
ENSMUSG00000049112;-2.6828538471861845;0.016955703450564363;3.8009343131819993;0.0003271529368888261
ENSMUSG00000049526;2.4721591892486594;3.2612444259486065e-06;-1.5536524819789845;0.01788074053713444
ENSMUSG00000049532;-1.4206443201301922;2.2446674319923025e-05;1.226125976882756;0.02632193739384753
ENSMUSG00000049556;1.8231856678054714;0.0047939763429226635;-1.6776635923725018;0.010503004611139876
ENSMUSG00000049580;-1.7914669741973688;3.260567054425301e-06;1.3705192445701178;0.007173822616326683
ENSMUSG00000049687;-1.8930646439246408;2.3922903456456265e-07;1.756895752211191;0.02657286015817527
ENSMUSG00000049872;-1.941528912821806;2.8586250652323806e-09;1.4515461853934382;0.036969019430064066
ENSMUSG00000050071;2.8920649197309873;4.9065160623701175e-17;-1.5524433936165347;0.0007003331623741116
ENSMUSG00000050359;10.15624858776417;5.378558992187814e-08;-3.1695333373894696;1.5963814525899884e-09
ENSMUSG00000050377;-7.044919612442978;4.636148098749296e-13;5.874409185272772;8.09490807165515e-05
ENSMUSG00000050578;-10.704099391692651;2.5153248225626823e-58;10.281518856930381;1.3188296942802495e-14
ENSMUSG00000050697;1.0004481179586477;5.497529802332488e-09;-0.6272643471665059;0.0008527092356136967
ENSMUSG00000050777;2.0517423914330806;4.152737258159876e-14;-1.0702340934828392;0.000678599301144429
ENSMUSG00000050910;-1.1941101509705525;1.55366411230241e-05;1.2212038209914835;0.006244443927881386
ENSMUSG00000050953;-4.061697829271384;1.952825472251674e-32;3.6988135173225345;0.00011931375132257237
ENSMUSG00000051048;-4.286945917115156;2.7821988752370863e-08;3.8530360408345494;0.002146483819068171
ENSMUSG00000051177;-1.198654858273448;1.0269838776535185e-05;0.8842607937080326;0.02903630871838881
ENSMUSG00000051242;-6.026013159120201;3.561536320291558e-14;5.3908587215661665;8.093699959377139e-06
ENSMUSG00000051343;1.14325275122689;1.5511613493585218e-11;-0.5130652861357408;0.015767142835964146
ENSMUSG00000051502;1.6227452617509543;7.564236451028402e-12;-0.9673920208046227;0.0025504325967268967
ENSMUSG00000051790;-1.4483189139277652;2.9231558368299727e-13;1.3414056438355275;0.001404152156934376
ENSMUSG00000051855;-1.7457771090691563;5.9220728192207774e-08;1.9656651661841422;1.3672935222726273e-05
ENSMUSG00000051985;-1.0057620984785338;6.352724614123389e-05;1.3168527190856212;8.528226118611684e-09
ENSMUSG00000052026;-2.6759975026470295;2.8681279273596397e-08;2.4952148506848726;0.0009220847624404767
ENSMUSG00000052305;-1.6859724494748853;1.9022180504718674e-05;1.155668217313457;0.032873704704658016
ENSMUSG00000052316;-7.538601883706187;2.780578629060903e-110;6.783543541314098;1.8626315118631927e-11
ENSMUSG00000052353;-6.008787307746934;4.9388848620872054e-29;5.588276834527245;3.2926337506392463e-06
ENSMUSG00000052504;-2.7988607305056092;6.111432114946828e-11;2.3069818188777877;0.049942926215218016
ENSMUSG00000052516;-2.2252311394514823;3.6610638931906105e-09;1.7152111939374002;0.008132878839690822
ENSMUSG00000052572;-2.237853127884719;5.7110054468663184e-15;1.7618512381338522;0.00828280236083971
ENSMUSG00000052631;1.6008254114766185;0.00011914810601208826;-1.2151203402865098;0.008738029763640059
ENSMUSG00000052854;-2.8857751346926745;9.471859015366599e-09;2.7046479142838744;6.315566348908431e-05
ENSMUSG00000052951;-3.4599962768086816;2.52756528023808e-16;3.2431901492743536;5.153841499728165e-06
ENSMUSG00000053475;-1.6291732432444992;1.08224519383523e-13;1.5888019772242286;0.012401088693026597
ENSMUSG00000053552;-2.0207477423906375;2.3513937170930915e-06;2.101307247979979;0.004671088725313823
ENSMUSG00000053626;-2.096839242666826;4.068396462511095e-10;1.5311679824201812;0.01253664352791831
ENSMUSG00000053646;-1.2785254596233158;6.49489117507764e-06;1.091109176319466;0.0227278693407306
ENSMUSG00000053819;1.4642815884277252;5.347203067440919e-17;-0.637022666303952;0.011911925752789978
ENSMUSG00000053931;-1.5267123351399383;8.918948614303107e-15;1.271834721278563;0.0023181176295189146
ENSMUSG00000053963;-1.536901873841138;0.0002689881938259238;1.4220787817935163;0.0004186284233878962
ENSMUSG00000053965;-1.1071586579206731;1.8170727307489294e-07;0.844400307639712;0.03985412988183655
ENSMUSG00000054003;2.2117256615496395;5.422314330184585e-05;-1.3382801511047528;0.03316258273829779
ENSMUSG00000054065;3.7289433560918743;1.6530228890269754e-05;-3.6497044086858668;0.0003654250184676633
ENSMUSG00000054196;-6.676909461254389;3.562129794073875e-123;5.659436529372364;1.5963814525899884e-09
ENSMUSG00000054252;-2.7232701154830026;1.626531596815906e-17;2.6221621386955967;1.6601235037021963e-06
ENSMUSG00000054256;-4.267184641838212;8.436418634450967e-17;4.376344881749151;1.7731508209033544e-06
ENSMUSG00000054293;-3.3585395438593633;1.6980765802072765e-17;2.613994222579714;0.004532112035617586
ENSMUSG00000054484;1.41247886045139;1.662838350392284e-07;-0.7641780111850563;0.0052392675129504795
ENSMUSG00000054520;1.049383588238562;2.22609125548879e-05;-0.6709639412185143;0.02872180182092757
ENSMUSG00000054555;-4.797984471829887;3.809320472529885e-43;4.231533683980413;5.304183455705353e-10
ENSMUSG00000054594;-3.3517833856754153;1.5779744521951787e-07;2.4934728155006747;0.0035931172461752705
ENSMUSG00000054675;-1.7741745303957548;5.920033200636755e-08;1.3851760095206933;0.03292084456753409
ENSMUSG00000054976;-7.743278343983266;6.52915437829005e-05;6.925332670399258;0.0062397648002505725
ENSMUSG00000055022;-2.791708484148799;0.01610444717129401;3.2704191084515544;0.026913936561003472
ENSMUSG00000055138;-1.9688665872098194;0.006802659045992766;1.5510641857789873;0.03363927604688068
ENSMUSG00000055214;-2.4334192264105265;6.502305160701825e-08;1.596528014749915;0.00834854566836155
ENSMUSG00000055301;-4.154178808658409;1.7820238234493171e-37;2.7316079605206225;0.0026381789242608
ENSMUSG00000055963;-1.7561344641275096;4.451127349182002e-07;1.3841772156424197;0.04081385816377581
ENSMUSG00000056174;-4.638164082656415;1.0884662728479535e-48;4.607859970313782;1.5233591911796237e-06
ENSMUSG00000056214;-1.9514283987713295;2.2168777049579327e-13;1.627114654011378;0.023641449291616056
ENSMUSG00000056222;-7.257546224204193;3.2773400148413306e-09;6.679088212079483;4.714960476186714e-05
ENSMUSG00000056413;1.3208923126579024;0.001468646179820644;-1.3224176346528638;0.008207290980390428
ENSMUSG00000056596;-2.911085142302102;7.078903321876005e-12;2.4053555272817153;0.003898449620699477
ENSMUSG00000056656;4.043407105582717;6.613771126851015e-11;-1.7180256069462687;0.0031066849511851534
ENSMUSG00000056870;-1.7206721343320923;3.2757301075344057e-10;1.4609071045940643;0.005526433902901433
ENSMUSG00000057092;1.9819144574018261;0.0022705543787324995;-1.733616405085071;0.038538002167661504
ENSMUSG00000057378;-4.040476490234543;1.46692574264066e-22;3.4718149492598056;1.6601235037021963e-06
ENSMUSG00000057604;1.738450769909813;3.325413590372336e-23;-0.8082824344968756;0.010748384304152815
ENSMUSG00000057606;2.6178279045404587;5.899142995863555e-19;-1.2145954055933603;1.6252742429453686e-10
ENSMUSG00000057751;-4.745602785015541;3.249105832900837e-57;4.532002205094462;3.3589431887080824e-06
ENSMUSG00000057766;-2.7915273728845236;1.0729801369717871e-19;2.13184955679491;0.0009703036590384441
ENSMUSG00000057777;-3.669401557256884;1.3344781148690001e-21;3.037299239310333;0.0005799500244494074
ENSMUSG00000057914;-2.4968507145520342;2.119802631081265e-09;1.820059574640959;0.014583374233299343
ENSMUSG00000058152;-3.3166718648218723;1.3805115007252662e-16;2.7396380334507486;0.0024076204078866494
ENSMUSG00000058498;-2.296755487106467;0.002874262871174111;2.2121185187578933;0.03669051866898503
ENSMUSG00000058571;-2.1052608020512245;1.4653993312544407e-05;1.5957214468965728;0.043227815466293354
ENSMUSG00000058806;-3.3654618587902827;1.1939123107251987e-19;2.814340929465999;9.317865920029161e-05
ENSMUSG00000058914;-6.361606565365935;8.103438797771928e-77;4.869829964267936;1.2652208136655396e-18
ENSMUSG00000059003;-3.9652924088317483;0.00037403052861634695;4.096245833185044;0.0010203199015436301
ENSMUSG00000059327;-1.0701983601753062;7.555608550409491e-06;0.7232758079648086;0.02100933184112848
ENSMUSG00000059674;-1.3586203815633482;0.007608288261343795;1.6325819983359637;0.02833177756705886
ENSMUSG00000059741;-1.4517843633518248;0.0016318369387277197;1.6077945511931313;0.0020362602688839986
ENSMUSG00000060044;-5.187511184133194;2.2809208839451864e-20;4.815519816256629;2.0893138880123684e-08
ENSMUSG00000060147;2.153472836861748;6.182207763640674e-19;-0.9512972523256998;0.0026249888342477446
ENSMUSG00000060224;-1.2331599062981295;4.255313409780235e-06;1.0994676876839449;0.048589347840635067
ENSMUSG00000060284;-9.74287044765523;1.0692544978041394e-26;8.887758873207671;3.7016976296165974e-09
ENSMUSG00000060371;-4.2952451984041975;0.004298823317509293;4.220365351436897;0.04401815675866516
ENSMUSG00000060402;-3.9988648160636093;9.091555727535257e-16;3.985542860503785;1.1130512424498855e-05
ENSMUSG00000060459;-3.5191527866664787;6.428690445488034e-05;2.861884596556189;0.03825494692007682
ENSMUSG00000060534;-5.245982703372784;2.7027563662340824e-11;5.276865060436763;0.0011615086738565135
ENSMUSG00000060548;-1.365914042652087;3.801767395580255e-08;1.2347380082038821;0.00026396035563140154
ENSMUSG00000060572;-1.6448040818102443;5.346337786330843e-07;1.4689210433631055;0.017295096046305216
ENSMUSG00000060594;-1.374382553878966;0.0006140586711077299;1.2149890790715483;0.027854216757278758
ENSMUSG00000060671;-1.4519357012582896;4.3394670717704305e-10;1.1750494796319324;0.0048145186202628665
ENSMUSG00000060675;1.460798275560921;1.8595613697421294e-20;-0.7663336993552907;0.00042560031662172785
ENSMUSG00000061126;-1.5008862934779763;0.0006450608109845151;1.3657704003121158;0.03841481780400731
ENSMUSG00000061410;-1.0269319182990444;6.60743403959892e-08;0.8459029697356741;0.013790996336583705
ENSMUSG00000061411;-1.2750457816299945;1.2227021535004124e-07;1.0372607456912903;0.012574999854260938
ENSMUSG00000061731;-1.7106719802125285;2.6993062331786873e-12;1.0513987245876255;0.012177633955441157
ENSMUSG00000061815;-6.278692702124828;5.5744478541238724e-11;4.82402739001827;0.0009348451213544607
ENSMUSG00000061878;-1.6323599233797277;2.796054824914857e-07;1.7010201178582418;0.0005405436346978544
ENSMUSG00000061898;-1.051737205512552;4.851087478037607e-08;0.5845276708305236;0.04130967215442128
ENSMUSG00000062157;-2.722077874925541;0.001859983799102377;2.9585952810985914;0.015421157911045438
ENSMUSG00000062488;1.2481689634054445;0.005922401348214788;-1.6042665025815972;0.002099182584858536
ENSMUSG00000062609;-3.7859160514335324;7.489773666027456e-19;3.7462040725998107;0.001237170537477778
ENSMUSG00000062694;1.3740067012999286;4.112515900975666e-10;-0.6062632231732971;0.028867668767581848
ENSMUSG00000062939;3.9436746446534756;0.010125738937167778;-4.817466729111989;0.023122268978377943
ENSMUSG00000063011;3.8676595513099916;9.478834472182064e-19;-1.891736458783249;1.5394204968226662e-05
ENSMUSG00000063160;-1.0298908936601492;0.0004546931129707239;0.9890219012767965;0.0400223307681573
ENSMUSG00000063632;4.609310907568521;8.60598449915333e-30;-1.1767108180158101;0.004634810751036422
ENSMUSG00000064147;1.9565740369038744;2.934030686508716e-05;-1.154668139670405;0.015400174662144214
ENSMUSG00000067276;-2.7217749753492395;1.7995263538020142e-19;2.1104501066060193;6.73132726548248e-08
ENSMUSG00000067629;-1.55567395497908;5.480235849898519e-07;1.118528228059739;0.010784615141362067
ENSMUSG00000067780;-1.526749490230839;3.3653183296391733e-06;1.3070699384765816;0.0004578566877314466
ENSMUSG00000068122;-4.170167009713603;3.283836879216927e-17;3.6937473928719826;0.0003780632110408839
ENSMUSG00000068196;-2.568054425385513;4.2984696364834324e-10;2.2463143579385165;0.0003590212089492429
ENSMUSG00000068617;-7.328464036311393;0.00018045466382688938;6.865705506070613;0.008841699826336886
ENSMUSG00000068696;-4.2537523573704625;1.2600411085778373e-05;4.723009786785175;0.0012597353912221826
ENSMUSG00000068748;-2.515059189129273;8.197191686342987e-09;2.2664314822053178;0.0018576708507992824
ENSMUSG00000068762;-2.2888742350392692;0.0021294168339602492;2.1657971023151616;0.038442887459918466
ENSMUSG00000069763;-1.7015288298659677;1.0749951229817498e-09;1.5180121531755089;2.4965660445251933e-05
ENSMUSG00000069919;-1.4348297379669204;0.00208541595578234;1.1120181548053159;0.04213656222909082
ENSMUSG00000069920;-2.216586812844707;2.7064668066831595e-13;1.9661561850109845;0.006223949738217299
ENSMUSG00000070047;-1.8251007422462706;2.8288870174898565e-11;1.4426163047880523;0.008730459256922321
ENSMUSG00000070305;1.2321760774181423;1.1101662435862607e-05;-1.232064588574064;0.00016078264930151074
ENSMUSG00000070436;-1.079738207969973;1.926749781579729e-05;0.9016513168225403;0.0395834615673841
ENSMUSG00000070695;4.990394096228539;0.009095401019189327;-3.760087762738034;0.0019468313116731443
ENSMUSG00000070720;-1.3157282945940592;3.920448135197353e-05;1.3964815458985436;0.0009629439750269797
ENSMUSG00000070867;-2.1301486159232375;1.6829963134933027e-15;1.8170724171073547;0.0006608464822209502
ENSMUSG00000071547;-3.194161368396831;1.8265581245662632e-28;2.7340811331719346;0.00034866836159590437
ENSMUSG00000071552;7.79459769747955;0.00016557541250598626;-2.8150398297692174;0.004255663817874949
ENSMUSG00000071984;-1.7560237989390757;3.510015316338037e-08;1.3858031171864764;0.0022211939064676906
ENSMUSG00000072589;-5.0700347964852535;8.958084919416813e-05;4.471669999801339;0.004149909044384629
ENSMUSG00000072662;-4.829403785615672;2.0488114964880765e-10;4.2661736329462725;0.0009629439750269797
ENSMUSG00000073155;1.5857396226778946;3.928825295378561e-09;-0.6745993890824925;0.04881388599293505
ENSMUSG00000073535;1.877982084253804;2.2781635135151765e-10;-0.724884332187131;0.03904236685930043
ENSMUSG00000073565;-2.803325297378691;2.61812147869769e-06;2.4359674272607474;0.028169721813758278
ENSMUSG00000073591;-1.4869013080112352;4.391375490368595e-08;1.272023693329478;0.010765768769378655
ENSMUSG00000073940;-1.7208373744436645;3.2133829168468395e-05;1.2039939360976162;0.026875751063806463
ENSMUSG00000074178;-2.1593081796626454;5.132010805635582e-07;2.1185701268339057;0.0017397337363288148
ENSMUSG00000074345;-2.957983748015629;2.09901934724931e-08;2.537443526571813;0.01004837313489262
ENSMUSG00000074480;-2.1797851231121674;1.9102816763930516e-07;2.3012589507661616;0.000578453455637798
ENSMUSG00000074483;-6.809568502107403;5.0902619161009576e-06;7.52038571239476;8.674908189316725e-05
ENSMUSG00000074486;-8.188279577154232;1.4014737782359987e-05;8.9833391465722;6.696332270286497e-05
ENSMUSG00000074766;-3.2127176551649144;1.748874128370037e-12;2.308364833816583;0.00514282918128327
ENSMUSG00000074782;-1.6351319404936262;0.0012391052171406925;1.5363274400176368;0.01905859234367914
ENSMUSG00000074796;-2.908771166533215;4.272198480666154e-09;2.290552831120943;0.030860604957592696
ENSMUSG00000075330;4.434440457844073;3.822901837071011e-43;-1.0003280023669092;0.04431432297048662
ENSMUSG00000075592;-1.7478053421014677;2.1623967937575466e-11;1.362243748749296;0.015360841087570097
ENSMUSG00000078117;-5.795590257985957;0.0002743710573492171;5.298803832594263;0.028174090652548334
ENSMUSG00000078153;1.3215052544025143;0.009317866326180107;-1.6356710091795024;0.010641441847344264
ENSMUSG00000078190;-2.5394998881046784;2.3355595027384125e-34;2.2939696254215742;0.00018365933418957017
ENSMUSG00000078307;-4.664304151095719;2.991894565900671e-10;4.76776619560251;0.00024110270380303312
ENSMUSG00000078350;-1.2741417374644581;3.6272816531860695e-05;1.2243960470802895;0.0009629439750269797
ENSMUSG00000079105;1.813054703158805;0.0017045090633186785;-3.3224960678779962;4.314388201340285e-06
ENSMUSG00000079186;-5.989689016211793;0.005374921428028111;6.0198263214175975;0.04654362210505117
ENSMUSG00000079428;2.5670334583665437;2.7780106168017472e-11;-1.345319064646179;0.02966197988364373
ENSMUSG00000079625;-6.435915719000636;8.353564218695714e-05;4.804374274585807;0.04527970777323549
ENSMUSG00000084929;1.7208225490056468;6.708581850489663e-32;-1.2216062517680695;2.01707222763098e-08
ENSMUSG00000085183;5.889641019842335;0.006579918986285249;-4.978977873618618;0.01772645000925379
ENSMUSG00000085272;4.521269208187114;8.590903537651829e-11;-1.6978581987536019;0.02933301441408834
ENSMUSG00000085457;2.2871529960681793;4.0850211202186436e-14;-0.8808134839682272;0.014936138190233747
ENSMUSG00000086219;5.417639421909481;3.5214307178212316e-10;-2.2906467015680554;4.7467141512161995e-07
ENSMUSG00000086322;6.325199377357245;1.2441447887815644e-07;-1.8770055143314068;0.0013133502644048463
ENSMUSG00000086596;-2.6175256693983333;5.143849947452277e-19;1.833597433630379;0.0041637633470602555
ENSMUSG00000086610;1.0128274857340356;0.0010329598072965995;-1.1163774115587037;0.007321675321653803
ENSMUSG00000086962;-6.6665346641465435;0.0008252068598520358;6.22712348171602;0.03743002945240539
ENSMUSG00000089797;1.6956627421173833;1.0668751578162046e-05;-1.5869666731152994;0.0009629439750269797
ENSMUSG00000090063;-6.316998344723985;5.3839511836621105e-05;6.382213179120713;0.005522347600341984
ENSMUSG00000096188;-1.849783933688657;1.564190432122696e-21;1.4278206410935974;0.0008201567153074877
ENSMUSG00000096847;-6.02187414761882;0.0001275180633100208;5.63184398055836;0.0049526219743399455
ENSMUSG00000096974;1.373702604629018;2.8925360476458096e-05;-0.6398902484874197;0.03026825509777764
ENSMUSG00000097081;2.5333825922889393;0.0118879919570156;-3.1878699420164627;0.016244917773111503
ENSMUSG00000097248;5.7727352454428;0.009056957289191115;-2.830253038409256;0.04609847195434338
ENSMUSG00000097354;1.3566506232304734;1.4638635330212521e-08;-0.735680196658802;0.004759834941614823
ENSMUSG00000097391;-1.868412872984704;2.3846748042210485e-14;2.0427557474502867;7.518930150616401e-11
ENSMUSG00000097451;-1.8561246734324133;2.4058865139934267e-08;1.7035832368305803;1.2728534156658865e-05
ENSMUSG00000097487;1.3817262036719027;1.6549509381873352e-09;-0.7958572464418938;0.00026145090942802517
ENSMUSG00000097767;-3.313944986967331;1.1469852250429969e-24;2.1993431746357577;0.001016883667732171
ENSMUSG00000097785;-2.847179670633504;1.9131916728841194e-22;1.053380125734426;0.008738029763640059
ENSMUSG00000097993;-5.233393817307969;8.372227221658552e-42;4.879376250088718;0.00013532691188222827
ENSMUSG00000099207;5.693896331158032;0.0005061731038325228;-3.2261866498990877;0.002236732722135046
ENSMUSG00000099398;-1.8859838636348245;0.0001184610402116609;1.6846455519243777;0.03985412988183655
ENSMUSG00000102222;-2.059073216043468;6.783772022162749e-07;2.0214422860568355;0.0017036069288581532
ENSMUSG00000102224;4.19531425999916;7.601567319110056e-06;-2.5084799115421474;0.023641449291616056
ENSMUSG00000102428;-1.8177435586198254;3.877068950098238e-05;1.788645471986542;0.006865663322315027
ENSMUSG00000102742;-2.588987963154638;0.00032892900883529957;2.0137060707543775;0.034944698171780274
ENSMUSG00000102758;-2.979411952451686;2.825195156442593e-13;2.2528697016039247;0.003664472320032275
ENSMUSG00000102918;-1.7200422114100442;1.1318305957814289e-08;1.5679680255490742;0.0005573816336468952
ENSMUSG00000103088;-1.667999553407426;0.0007238228761799693;1.381886523875149;0.04500183075771771
ENSMUSG00000105954;-7.104916922417791;0.0008025374985882054;6.310077767250716;0.0346484599269852
ENSMUSG00000107476;-1.2378315734357774;1.7425038898984903e-09;0.878539110492177;0.049088875225680666
ENSMUSG00000107585;1.2135185365192829;3.1047209437780387e-06;-0.6049275944005821;0.026487160085165756
ENSMUSG00000109372;3.3818891668041977;9.52505234967812e-17;-1.3275810445665355;0.00900504648163978
ENSMUSG00000110489;4.851373306979432;1.2707759981378324e-10;-1.7212111758763198;0.023229070430023997
ENSMUSG00000110530;-2.1985032942399747;0.033686668194857466;2.7318554643476793;0.03467727039680851
ENSMUSG00000111556;-2.6206844145858654;7.438648835846681e-06;1.8170815178335111;0.03495851471070273
ENSMUSG00000111765;-4.884158137898429;2.161845134376322e-08;4.20225887131962;0.02597666966323309
ENSMUSG00000111977;-2.3789958260269857;2.10075433617004e-06;2.661028905329113;0.002306369809417913
ENSMUSG00000112276;3.418904309849633;2.046623784599669e-06;-1.318001211350302;0.042930770453321755
ENSMUSG00000112327;-8.049883769091236;7.705082454048228e-05;7.027511582324583;0.0041637633470602555
ENSMUSG00000112533;6.170980962396401;0.00023022478772790025;-2.4606316086608144;0.012678362432325958
ENSMUSG00000112833;-5.483552636080829;4.237973049635419e-05;5.732565596787783;0.0007788996156379806
ENSMUSG00000113216;-2.030736185709763;3.1862351223813226e-06;1.6169112372004262;0.0006608464822209502
ENSMUSG00000114439;5.7430105035081604;1.749164293653806e-32;-1.5050447870446024;0.00034322842754306183
ENSMUSG00000115494;5.549313541763232;4.5135615048213665e-27;-1.146948480735447;0.022820138810202225
ENSMUSG00000116114;5.4045422902166;1.5768423147989406e-21;-2.5691993635425954;6.472298091647994e-06
ENSMUSG00000116594;-2.127057653745259;0.000201162324926249;1.956048557828462;0.023705529922630354
ENSMUSG00000116657;3.4143153244579048;0.0008253003165740587;-2.1651023426915033;0.026252311998668846
ENSMUSG00000116946;1.8667179075516847;0.00025862847907236365;-1.6259526814451746;0.0009629439750269797
ENSMUSG00000117508;3.324918469842588;2.689387704952765e-13;-1.386710446411935;0.0005261445962801365
ENSMUSG00000117901;-4.908425347252122;8.316297240202433e-107;4.479159785028931;1.5154249891806079e-58
ENSMUSG00000117927;-6.267343212438892;0.002128408901786587;6.354396676903122;0.008880095533263585
ENSMUSG00000118010;3.79600790501599;5.069609023084615e-07;-2.790162956917297;0.0010693771766977231
ENSMUSG00000118667;3.1372814428006772;3.338312714032743e-17;-1.4118010572123951;0.004761886933799077
