Ensembl_Gene_ID;Moyenne_CPM_WT;Moyenne_CPM_WT_treated;Moyenne_CPM_Disease;Moyenne_CPM_Rescue;Pvalue_Patho;Pvalue_Rescue;Ref_Utilisee;Log2FC_Patho;Log2FC_Rescue;Significatif_Patho;Significatif_Rescue
ENSMUSG00000000320;1.642670752975239;0.0;6.0713264381007255;0.6658824451237432;1.509752691329059e-06;1.7124471233057817e-15;WT;1.751097155498001;-2.990867799680267;OUI;OUI
ENSMUSG00000001349;2.0180526138511716;0.0;5.346675275213213;1.2357572646932469;6.189693571441104e-05;7.3562898512508335e-06;WT;1.2876479371725729;-1.8869790580271035;OUI;OUI
ENSMUSG00000001493;3.5590111567894063;0.0;11.700621340907206;3.3431929419276316;2.057460537111294e-06;0.0011159939655267827;WT;1.571104181976745;-1.57908554706379;OUI;OUI
ENSMUSG00000001865;0.9320464734237857;0.0;3.3294688397355356;0.8416900524355707;1.324092112224533e-06;0.033028660001492384;WT;1.7229579007251408;-1.7589610639436233;OUI;OUI
ENSMUSG00000002076;0.22360275585012407;0.0;3.2004295170856523;0.5006956384221823;5.5657633640637835e-11;0.0009361519984009335;WT;3.6775029005295297;-2.3964492199527183;OUI;OUI
ENSMUSG00000002602;19.648870646747056;0.0;53.26522445474494;19.077183709225267;4.313767059505972e-17;0.00035183973727276503;WT;1.3102855564873468;-1.2842715197906145;OUI;OUI
ENSMUSG00000003863;0.24513469240610858;0.0;0.03143035369759575;0.36485486858351424;0.020237525176395835;0.005383015004250462;WT;-3.1164271405420685;3.788145796402203;OUI;OUI
ENSMUSG00000003949;4.34527959286699;0.0;1.7945806558534985;6.725327853289643;0.0003966039632106338;4.708337721978711e-05;WT;-1.38328427704637;2.035948648505474;OUI;OUI
ENSMUSG00000004609;0.7214505319932002;0.0;2.0607437132521778;0.6854352590828187;0.001713644242942391;0.024603493734360146;WT;1.3743483686893747;-1.3956904335447915;OUI;OUI
ENSMUSG00000004951;23.97814713760203;0.0;68.84724451237878;22.906011018715034;0.006057688030298261;0.0005654515976207645;WT;1.3817391243919201;-1.343223069942954;OUI;OUI
ENSMUSG00000005220;0.18449582167127163;0.0;0.0;0.3717641253127047;0.039398842167493474;0.03114299463927393;WT;-5.493382135346221;6.555159005541922;OUI;OUI
ENSMUSG00000005320;4.886662146812676;0.0;1.7955667400739026;4.050570683262811;8.722994009340698e-06;0.002457752323196219;WT;-1.5669575036786643;1.3864051293229358;OUI;OUI
ENSMUSG00000005716;6215.160896746728;0.0;3070.6598597545812;6627.5372922575725;6.549604048766014e-07;0.00010639554169862144;WT;-1.1317253304723918;1.3435001660617978;OUI;OUI
ENSMUSG00000006457;5489.162170981319;0.0;2848.8446634682114;5095.13047817979;3.4892976025858086e-07;0.0011733846572134963;WT;-1.0587575586796916;1.062103513743189;OUI;OUI
ENSMUSG00000008393;7.266872815166663;0.0;16.12713822411358;7.257967359424099;0.0016565052758184995;0.0245967498854891;WT;1.0075039945391329;-0.9175222923900419;OUI;OUI
ENSMUSG00000009114;0.16927217542183562;0.0;1.328401541386688;0.2534276697128891;1.8621390349936716e-06;0.0022456517860472264;WT;2.870264133786306;-2.1677950542798237;OUI;OUI
ENSMUSG00000009487;1.0123291003700146;0.0;0.34433556586740155;1.6897187167420258;0.0075334507870167;3.5798455745492274e-05;WT;-1.6829609854577383;2.5406270670591202;OUI;OUI
ENSMUSG00000010175;1.2507568424631186;0.0;0.6420453084502353;1.4491725706385596;0.04022546905237901;0.03668817171637588;WT;-1.1036529803290502;1.3923870213160139;OUI;OUI
ENSMUSG00000013584;1.7893318465003984;0.0;6.759830809154123;1.7956605255393416;1.493052867975531e-08;0.006773150671207848;WT;1.7787839966352303;-1.7117590223089618;OUI;OUI
ENSMUSG00000014846;23.003129730252937;0.0;79.40968214120825;40.91661469078169;5.5657633640637835e-11;0.030245972765385945;WT;1.6721660800974407;-0.7417918739225627;OUI;OUI
ENSMUSG00000015340;1.1329585725917244;0.0;4.228500906902037;1.7600914530301892;2.9282134906220946e-09;0.03705518170695016;WT;1.7724093589559524;-1.0792666991990278;OUI;OUI
ENSMUSG00000015354;2.7058291796403635;0.0;6.8804202197674575;1.9810516193194196;3.3265647610712385e-05;5.892309700929583e-05;WT;1.2330271859008572;-1.5866235394462145;OUI;OUI
ENSMUSG00000018451;0.011782611975122835;0.0;0.4722493176449252;0.020821757339491376;0.0033108328038605455;0.034181776972478276;WT;5.170863100416703;-4.267642973440545;OUI;OUI
ENSMUSG00000019853;0.5935050513433621;0.0;1.5715185284092772;0.47067252355634825;0.00203602209939598;0.007669604085001764;WT;1.2721345087994744;-1.5443037088272173;OUI;OUI
ENSMUSG00000020256;3.5380554985198462;0.0;1.7731682849844255;5.379399324115016;0.0016748167705583216;0.00015224407555713303;WT;-1.135029800881317;1.8100230507159403;OUI;OUI
ENSMUSG00000020264;0.6689434234001637;0.0;1.6173732496802553;0.3019103603479118;0.012739492715177807;0.004906615858426509;WT;1.14906061360211;-2.1639968163095826;OUI;OUI
ENSMUSG00000020340;16.29694269343401;0.0;45.16405556859709;14.01708549980336;0.043614946976250936;0.0008618473360664892;WT;1.333882750617837;-1.4530047581842938;OUI;OUI
ENSMUSG00000020785;0.6664159637500489;0.0;1.778193302577402;0.6567714891779468;0.01900519040766512;0.03425402672083542;WT;1.3290111651282386;-1.2612426898031275;OUI;OUI
ENSMUSG00000021384;0.1280303866478726;0.0;0.9062462730101591;0.2231676598062302;8.236733030090836e-06;0.0405989735884736;WT;2.687866634397631;-1.8541263024295451;OUI;OUI
ENSMUSG00000021559;3.5030782500751654;0.0;8.477286437460538;3.949500807632253;0.0003251413145546114;0.022998677520352524;WT;1.1479153504187116;-0.8607945468486932;OUI;OUI
ENSMUSG00000021636;0.6748034275752679;0.0;2.2601028720727725;0.5734128413732889;0.0008642768343304475;0.00730000714717399;WT;1.6350338830914528;-1.7619970412980395;OUI;OUI
ENSMUSG00000021676;1.1029699312084988;0.0;2.8186385239946974;1.0123860383060523;0.0003167647149629033;0.005834460026721471;WT;1.222258620711528;-1.2486879682178718;OUI;OUI
ENSMUSG00000021678;0.5439524697394138;0.0;2.7276780917089942;0.8440040765370685;1.488065453862616e-11;0.0328670088314911;WT;2.2042215627140274;-1.4973786702249892;OUI;OUI
ENSMUSG00000022206;18.2764777040596;0.0;6.581090571009317;18.050297808744475;8.595664661490454e-12;4.708337721978711e-05;WT;-1.592883374008847;1.651603734670334;OUI;OUI
ENSMUSG00000022512;1.4239865642787002;0.0;3.1723371578682347;1.046556731759666;0.00205171053045653;0.0009632451485782824;WT;1.035687450353158;-1.411170122686731;OUI;OUI
ENSMUSG00000023019;606.5223464782553;0.0;313.03324559187286;548.004015542549;2.583971411166318e-05;0.0014900148270788035;WT;-1.0627325849181943;1.011784318217702;OUI;OUI
ENSMUSG00000023046;18.26130300378987;0.0;42.442847697214944;18.4830426590603;1.465053782769586e-12;0.008170511038998058;WT;1.097286459685355;-0.9987744896060853;OUI;OUI
ENSMUSG00000023800;2.4178825883846145;0.0;13.78567463617449;5.682024428398901;6.3224735179989775e-06;0.03338618618321257;WT;2.3925059692190116;-1.0830129306311866;OUI;OUI
ENSMUSG00000023964;0.3955519866842205;0.0;0.01963054477169755;0.5116440582029532;0.0006267408074334162;0.0007220215743937743;WT;-4.53806029024986;4.96033015327606;OUI;OUI
ENSMUSG00000024011;14.785592212478512;0.0;53.37237636925796;11.888436706288406;2.9116499057863083e-05;0.003486392439740104;WT;1.7432457707864741;-1.9854443546066727;OUI;OUI
ENSMUSG00000024053;3.431604904413268;0.0;7.884490885917222;3.593961649855941;1.9831438019458339e-07;0.013976207921345723;WT;1.0897328709897303;-0.9257515924970122;OUI;OUI
ENSMUSG00000024330;5.968240913571138;0.0;2.977042918969097;6.1222001064934926;1.0130435024617525e-05;0.03382577567409304;WT;-1.1193813232253869;1.2556597825884837;OUI;OUI
ENSMUSG00000024640;1.2222473439163408;0.0;4.5224436186798345;1.6945672080913314;2.870088281718313e-06;0.014245683627331647;WT;1.7449510437451454;-1.1998999497058482;OUI;OUI
ENSMUSG00000024713;2.28804305118046;0.0;7.663734542234449;1.8776870573802942;0.030178294446120815;0.002645971600716895;WT;1.5771462070766393;-1.806976878226865;OUI;OUI
ENSMUSG00000024883;0.961742523231369;0.0;8.348250591250366;1.5792730361802798;4.7731219449960136e-14;4.029584963597772e-06;WT;2.974171313105849;-2.165136003776376;OUI;OUI
ENSMUSG00000025213;5.998658529814809;0.0;3.2183846071162687;5.6670862073640125;0.0016094291793541417;0.007457678588942163;WT;-1.0061645284569936;1.0198597835848657;OUI;OUI
ENSMUSG00000025402;3.7557001816654334;0.0;16.29735582390744;5.441493526407646;5.943715302695712e-16;7.68119178734787e-05;WT;1.98850363630203;-1.3863822160591401;OUI;OUI
ENSMUSG00000025479;0.20102484881806432;0.0;5.635353857830825;0.7553632527347455;6.720757794679708e-11;0.03425402672083542;WT;4.686007594435959;-2.6206025770677916;OUI;OUI
ENSMUSG00000025701;0.6270015717813875;0.0;1.8782186920754604;0.45925720238192375;0.00018851851641253853;0.0025837356897404663;WT;1.470225448290834;-1.835142815977929;OUI;OUI
ENSMUSG00000025777;5.519359167004707;0.0;2.876328133596019;6.50017942313929;0.006390470772906924;0.018409836702358406;WT;-1.034798463199057;1.3729593625491152;OUI;OUI
ENSMUSG00000025889;1.9846759192564998;0.0;4.456932414283444;1.5335757423902807;0.009378549286341475;0.03668817171637588;WT;1.0625961780271345;-1.3681987532480437;OUI;OUI
ENSMUSG00000026100;16.748835976968707;0.0;8.408360445922975;18.618517995149308;1.0318836191054743e-05;0.00029185099787156383;WT;-1.0996120259070867;1.338597955914782;OUI;OUI
ENSMUSG00000026109;1.0141186360492627;0.0;2.757202867971653;0.6325806169763929;0.0001185841110530357;0.0004243534240959941;WT;1.3094090752351148;-1.9228301434709996;OUI;OUI
ENSMUSG00000026251;3.160695034995287;0.0;13.510666039837297;1.7068725046048068;0.0074204034668952906;0.0015468924948645129;WT;1.9248959272500212;-2.694055394487;OUI;OUI
ENSMUSG00000026315;1.0842723357085209;0.0;11.328391523533874;2.4957701048442056;0.0010835838469293458;0.024755529468659485;WT;3.262880537348657;-1.940576587521273;OUI;OUI
ENSMUSG00000026321;0.46906452721281905;0.0;1.2523915434573092;0.4188751361632906;0.012991275996162425;0.03647161462092681;WT;1.2991637155706608;-1.3856934580085278;OUI;OUI
ENSMUSG00000026395;1.2058649838304478;0.0;5.236305315503561;2.1213689172089962;1.1503216494683117e-11;0.03612848131658753;WT;1.98072459432949;-1.1017219747686948;OUI;OUI
ENSMUSG00000026443;0.7050326819678153;0.0;3.99418948755269;0.5340739505354155;4.0773078383633274e-07;0.00013933168076105617;WT;2.3646748460492515;-2.6691617679156945;OUI;OUI
ENSMUSG00000026459;4.3757409150602715;0.0;23.040391254282326;7.6134437922434675;8.23917280848786e-15;0.0008618473360664892;WT;2.2635755050669384;-1.3706818928869935;OUI;OUI
ENSMUSG00000026603;260.6857886748253;0.0;95.72909018799565;213.31878214789626;5.5657633640637835e-11;2.0402140069940478e-05;WT;-1.552854011191014;1.3590498882349742;OUI;OUI
ENSMUSG00000026628;6.352194144846468;0.0;25.110533086666546;8.775575826028604;0.017742976064945012;0.008223136644888636;WT;1.8706979295433297;-1.2870226529542974;OUI;OUI
ENSMUSG00000026773;174.69114799448832;0.0;46.02804189801534;146.16776697655501;0.0009032116134851659;0.0035685768179772076;WT;-2.034166862884647;1.8672377733812058;OUI;OUI
ENSMUSG00000026827;200.70934582269797;0.0;91.63038157507876;203.27202466660106;0.0024550624075400313;0.037972076233300754;WT;-1.2313484904980478;1.3577512459879726;OUI;OUI
ENSMUSG00000026828;0.3627156979180505;0.0;2.7378127459829606;0.5045598651200048;8.021269295591399e-08;0.0011705041051508984;WT;2.79957930131438;-2.220748558623499;OUI;OUI
ENSMUSG00000026880;39.51568105611421;0.0;87.09824261245855;41.94409272230372;9.22584851662223e-09;0.00039999633539213346;WT;1.0039771609248513;-0.833654630768238;OUI;OUI
ENSMUSG00000027068;0.02963664124805112;0.0;3.0650759277637283;0.5114855076921163;4.9283031353979905e-08;0.003704437199568809;WT;6.534269318769461;-2.3408843502823893;OUI;OUI
ENSMUSG00000027077;87.22444378587154;0.0;222.7674388710994;62.05531572620578;1.7146328721421884e-08;1.6967994690599106e-07;WT;1.2344808907426847;-1.635009148984938;OUI;OUI
ENSMUSG00000027204;40.22014901208299;0.0;130.42104703920722;31.743444060581183;8.595664661490454e-12;0.018009919912142874;WT;1.5701446617391754;-1.8227001405264285;OUI;OUI
ENSMUSG00000027313;31.12414281362374;0.0;10.257107615136833;42.47088015687434;0.026210908738756842;1.1945817357141237e-16;WT;-1.7437986346846848;2.2493675478133546;OUI;OUI
ENSMUSG00000027333;87.47590947863361;0.0;36.785294668267724;64.59319968250166;2.229261282425208e-10;0.007936497568238608;WT;-1.3602878519073571;1.0386423650045018;OUI;OUI
ENSMUSG00000027470;1073.5164702617806;0.0;567.722010930761;1150.3774194101136;6.4529996513335815e-06;5.511151967600235e-05;WT;-1.0263693888620053;1.219468558789225;OUI;OUI
ENSMUSG00000027559;2554.2131084034513;0.0;1349.5259237712671;3166.3204959594705;0.04470432555736401;0.019293255167275626;WT;-1.055547094946743;1.4633506850802864;OUI;OUI
ENSMUSG00000028369;6.932794021779242;0.0;30.524059467862322;6.737677876485894;0.00023048679076687363;0.043578105058214245;WT;1.9777331027578202;-1.9549920451401765;OUI;OUI
ENSMUSG00000028417;0.5817736316702002;0.0;1.5320433414513464;0.48179162129051334;0.033936667102795054;0.014130144387583397;WT;1.2700101693201076;-1.4362981787568603;OUI;OUI
ENSMUSG00000029108;1.49914901841816;0.0;4.305539549066099;1.8262653553005999;3.702068030551073e-06;0.010653152446996854;WT;1.392450024188916;-1.030569224557545;OUI;OUI
ENSMUSG00000029372;0.15512312333718264;0.0;0.7787668932193974;0.09448926586255386;0.0023078777482208198;0.017564183707838826;WT;2.2075676941844193;-2.7913351787820115;OUI;OUI
ENSMUSG00000029659;2.9723011005247755;0.0;7.405856311517506;2.970822263899262;3.8478911143600696e-08;0.0021352826808880196;WT;1.1877572612864573;-1.1052852209310664;OUI;OUI
ENSMUSG00000029822;4.1982897288479535;0.0;10.249504910328362;4.236180725518361;0.001772104734800392;0.007971554726314604;WT;1.1666775134184375;-1.063191878736302;OUI;OUI
ENSMUSG00000030116;11.732741168844449;0.0;73.30534343060708;13.435010102038712;8.021269295591399e-08;0.0047622665688947475;WT;2.499002115590078;-2.197439204293101;OUI;OUI
ENSMUSG00000030208;18.955177997816126;0.0;66.31339148329067;21.443506445188607;1.147970659708853e-11;0.04662463803893919;WT;1.6681790227213742;-1.4402914268524907;OUI;OUI
ENSMUSG00000030278;0.29401350732359055;0.0;4.251151606160678;0.7633179395781189;4.012689098611434e-15;0.00214797218194895;WT;3.7292392838033317;-2.19268807458658;OUI;OUI
ENSMUSG00000030353;7.873202844046174;0.0;25.60512139965146;6.631351167471145;1.509947570978532e-10;7.963727215691242e-08;WT;1.5691465617777562;-1.6936904954217982;OUI;OUI
ENSMUSG00000030495;0.044209064513303226;0.0;0.7018885788793117;0.05221883288429343;0.0001239780192065232;0.003363185155553513;WT;3.8336575338281604;-3.5836195097412062;OUI;OUI
ENSMUSG00000030513;9.128173332104643;0.0;19.753415758142758;6.823933988636173;6.959497685614389e-07;0.0003733394768459231;WT;1.010044903207605;-1.3509293836931802;OUI;OUI
ENSMUSG00000030546;0.2114840374235124;0.0;2.8007006687456055;0.19528815004241112;2.719093509994897e-10;0.011824478074478962;WT;3.607215078122448;-3.545972887009537;OUI;OUI
ENSMUSG00000030584;0.5191900882769993;0.0;1.4263086056488827;0.21395864564187653;0.039410078070242646;0.0026931521146811885;WT;1.307894564856548;-2.47997990770896;OUI;OUI
ENSMUSG00000030787;1.7078848268089433;0.0;6.627593418443141;1.301911058219014;0.030514314626224243;3.8832985137140655e-06;WT;1.8313962864689648;-2.100092301566314;OUI;OUI
ENSMUSG00000030911;0.0727989615384068;0.0;0.6454442406765117;0.10198883024848593;0.00012209532936556354;0.01765255540228954;WT;3.0513548495684053;-2.4334363707727307;OUI;OUI
ENSMUSG00000031274;1.5586095603775052;0.0;3.78100535432356;0.9606058503689034;0.00021884400325788132;6.900494251893333e-06;WT;1.1543620313063452;-1.7916789718688195;OUI;OUI
ENSMUSG00000031283;0.909561707392561;0.0;2.211972921674194;0.5852810302717317;0.0009586087601331706;0.00434752787840331;WT;1.1499714494335063;-1.7245975646819478;OUI;OUI
ENSMUSG00000031489;0.04718535523005906;0.0;0.842763538372905;0.09020378100722234;6.142016467404285e-06;0.002740051047453452;WT;4.041007607966526;-2.9876777360502054;OUI;OUI
ENSMUSG00000031700;225.36032954293995;0.0;114.63147042574093;223.2748319896535;3.814738861342599e-05;0.001893672350560063;WT;-1.0829642908721384;1.17882408187828;OUI;OUI
ENSMUSG00000031778;2.783269850505902;0.0;7.179564819994905;2.766610033486887;0.0002772719864696737;0.01987311507464978;WT;1.2255772323243548;-1.1338379393936764;OUI;OUI
ENSMUSG00000032068;0.01873683777153173;0.0;1.4574089192589263;0.16245063866405515;2.562712293367756e-07;0.009540493241765868;WT;6.187033050395402;-2.9817011000017293;OUI;OUI
ENSMUSG00000032114;111.01425455425823;0.0;54.491385289441844;94.71437896773425;0.014277828687706086;0.006209448526727191;WT;-1.1368695887380718;1.0134238441727965;OUI;OUI
ENSMUSG00000032503;13.132707727039623;0.0;28.718666134178996;8.805408905578176;3.3480457274739394e-06;1.4490580706818193e-08;WT;1.0040253949258653;-1.4868204465760184;OUI;OUI
ENSMUSG00000032554;6.520893053526445;0.0;19.79189289270313;6.903056565953231;8.591708096763932e-09;0.006134227504307562;WT;1.4658802594574962;-1.3105752174136247;OUI;OUI
ENSMUSG00000032725;1.5463449673820955;0.0;4.763549318462237;1.4913731814561508;2.909273521314216e-09;0.009648806411938986;WT;1.4990747939324152;-1.4483434598545983;OUI;OUI
ENSMUSG00000032968;9.147836649687655;0.0;4.628821395294509;11.923034292853131;9.52559092978991e-05;2.7391197340694386e-05;WT;-1.1030826609145654;1.5902150761668483;OUI;OUI
ENSMUSG00000033022;0.6990914805325392;0.0;3.8720551147149354;1.035917011913383;9.913425134719973e-07;0.025034676445496052;WT;2.35557655596226;-1.74363843837786;OUI;OUI
ENSMUSG00000033327;35.11189680807414;0.0;84.92076012991313;33.54999976709963;1.4027181892581282e-21;0.0011733846572134963;WT;1.159466852077573;-1.1441250660500446;OUI;OUI
ENSMUSG00000033585;4.325538448085442;0.0;9.496225691057163;4.628030441220228;1.6810705679216002e-06;0.005440747038379766;WT;1.0056047436715816;-0.8155908128983513;OUI;OUI
ENSMUSG00000034164;10.973570350078555;0.0;5.3437522697007935;9.44348285092726;0.0003852837132264055;0.02273389495139291;WT;-1.145302991642717;1.0312519260590987;OUI;OUI
ENSMUSG00000034457;4.251805720723889;0.0;33.20290934699641;11.815477075679722;5.50026367340593e-08;0.008456209258530292;WT;2.8211909794378514;-1.2389007273367765;OUI;OUI
ENSMUSG00000034765;0.4889849875439101;0.0;3.2158382793069444;0.6935616257130567;2.0819311475122122e-07;0.00046095860613975284;WT;2.5644928239230578;-1.9696646982724886;OUI;OUI
ENSMUSG00000035000;1.154913094063949;0.0;3.034624094491638;1.0985604320762916;0.001339669368862041;0.010497125939831368;WT;1.2831522250521612;-1.2733092665426555;OUI;OUI
ENSMUSG00000035109;1.0420053502690918;0.0;3.3214571892271576;0.9104108475578837;0.0018687029048534986;0.005779457565875086;WT;1.5188113167079609;-1.6148713710132567;OUI;OUI
ENSMUSG00000035621;27.68426945326918;0.0;63.96943129169202;32.37724858684363;2.5776972364933667e-08;0.005349809913648819;WT;1.0772189219151247;-0.7650254302491263;OUI;OUI
ENSMUSG00000037185;1.1176702053154604;0.0;6.580095259508464;2.1048555245411094;1.3953376317766242e-09;0.014351082710141645;WT;2.417754921020651;-1.4047549687608432;OUI;OUI
ENSMUSG00000037362;1.4979863920671386;0.0;4.439774850483502;1.2735944603420273;9.934461658024225e-09;5.9234011677549406e-05;WT;1.447911730936136;-1.5990132564619648;OUI;OUI
ENSMUSG00000037379;2.5370666502111794;0.0;10.838473261556972;1.9237414215230944;8.592069310680975e-18;2.1143995817123806e-06;WT;1.9721219559707606;-2.271074277964668;OUI;OUI
ENSMUSG00000037474;0.2196022708404458;0.0;2.3785388083840138;0.22515064088379472;2.920010044247177e-07;4.14376876207022e-05;WT;3.2625648884499854;-3.1232772838120235;OUI;OUI
ENSMUSG00000037868;0.7754410809999499;0.0;3.0984501549732744;0.7731433526647338;0.0003852837132264055;0.034979623766933206;WT;1.8360793492626275;-1.7696397671907191;OUI;OUI
ENSMUSG00000038843;0.6610628491943309;0.0;1.9315001245065393;0.5576194698101831;0.005379767450711794;0.002360160696922172;WT;1.4280418091312035;-1.577488905597464;OUI;OUI
ENSMUSG00000039109;4.487204720848808;0.0;17.0210706073724;5.370787101646457;0.0008549552889403578;0.004111521502278946;WT;1.7955230621365683;-1.436784613335959;OUI;OUI
ENSMUSG00000039419;5.129019726670961;0.0;2.204493755792143;5.6721451517568156;8.489640323712484e-05;0.000804727020352543;WT;-1.3220366594784112;1.5728751408692427;OUI;OUI
ENSMUSG00000039899;2.7249675686911403;0.0;6.943060034570783;2.8796885885666694;0.00043628028210170147;0.015389000633600844;WT;1.216938374863163;-1.0616526301765308;OUI;OUI
ENSMUSG00000040322;2.415376303746767;0.0;8.32862930408525;3.239040047894061;7.47224659895516e-08;0.00651096376951211;WT;1.6433100633282849;-1.1489623522045518;OUI;OUI
ENSMUSG00000040740;18.81875126178197;0.0;45.13851886707535;20.13664446869497;5.955364419953797e-07;0.009479488894855155;WT;1.1308071196617397;-0.9896253443025418;OUI;OUI
ENSMUSG00000040852;2.2854967753731565;0.0;7.820718240550903;2.5056594541237205;5.091201911005596e-05;0.00978086019296722;WT;1.615537835763882;-1.4251448035988687;OUI;OUI
ENSMUSG00000040998;3.784176937687966;0.0;13.440059611602026;5.1602038661651894;0.012669936653960389;0.0405989735884736;WT;1.6845529503413683;-1.1372310569238488;OUI;OUI
ENSMUSG00000041460;16.82453631628484;0.0;8.103987357169332;30.818958448032223;6.917408798238668e-06;1.4257427019804783e-16;WT;-1.1857671805064713;2.1435935723232604;OUI;OUI
ENSMUSG00000041669;3.118706727343933;0.0;1.219192224061838;5.071548381185785;0.00043027384787116705;4.484756773914136e-07;WT;-1.4837542360840337;2.2530945159276117;OUI;OUI
ENSMUSG00000041797;4.884841813745117;0.0;13.53416946243603;5.26049575240281;8.170731727157926e-10;0.01720795066635249;WT;1.3355587405644933;-1.1858362389670893;OUI;OUI
ENSMUSG00000042045;1.6715275029943242;0.0;44.08290987494655;7.529721299227521;1.1096350095754977e-11;0.008682450314023895;WT;4.546087267398496;-2.276100836751215;OUI;OUI
ENSMUSG00000042254;16.77073586314578;0.0;299.7371203967931;33.366036238151224;1.147970659708853e-11;4.062052235144969e-06;WT;4.012334711107995;-2.908280902542076;OUI;OUI
ENSMUSG00000042436;7.352623301338612;0.0;36.21207538704989;6.810617122419992;2.0009430957141983e-05;0.013587012273143186;WT;2.1491574283270096;-2.2316128312164336;OUI;OUI
ENSMUSG00000042451;136.55460058766104;0.0;547.9542894627712;185.92557207180934;3.0364156748299764e-05;4.708337721978711e-05;WT;1.8764427087837765;-1.304173092331864;OUI;OUI
ENSMUSG00000042581;0.44742512227328957;0.0;0.017669231838627047;0.46687083704863713;0.00033304421476107286;0.003853707111720788;WT;-4.770736660847587;4.951802137035472;OUI;OUI
ENSMUSG00000042734;8.673913906853906;0.0;37.84632752996;8.422533899738415;0.0055861992787615425;0.0032587658376674105;WT;2.004063102967738;-1.9347609657753082;OUI;OUI
ENSMUSG00000043085;1.3040934372093944;0.0;4.064127350246977;1.1570716573194415;0.003940305173822368;0.007795819805123629;WT;1.4910487386989948;-1.5920568205340668;OUI;OUI
ENSMUSG00000043487;2.9488921535559878;0.0;6.51795082991465;2.9871581798196223;0.0009007070555386205;0.038588461675637106;WT;1.0061774690383807;-0.9089414373850132;OUI;OUI
ENSMUSG00000044017;2.893129920083093;0.0;10.158969396228173;3.004983484926977;7.836687370160065e-14;2.7391197340694386e-05;WT;1.6836374734471324;-1.5519726871253612;OUI;OUI
ENSMUSG00000044951;787.5840600097049;0.0;427.1487099328094;1055.1782536174492;3.8756478480454574e-06;1.4784603365942567e-05;WT;-1.0120271022011842;1.4908065935054866;OUI;OUI
ENSMUSG00000045725;0.37181753951530716;0.0;1.3614639003550437;0.42848236695093567;0.0004400490075238994;0.04575802686916133;WT;1.7373286765118359;-1.4735851658484744;OUI;OUI
ENSMUSG00000047205;21.465523134378294;0.0;56.771878887436955;28.037773218458494;0.004695222024463239;0.03502397848512744;WT;1.2944364204177479;-0.8290851083845213;OUI;OUI
ENSMUSG00000047819;6.080808174858854;0.0;1.4941099680879415;9.518689001219032;3.9455872215456804e-08;0.008552564747829597;WT;-2.140532624507146;2.874804110541927;OUI;OUI
ENSMUSG00000048388;0.876753268506225;0.0;4.3610629323768855;0.6766257862657898;0.016301105772019923;0.04010300811805848;WT;2.160170137599377;-2.4859536384872962;OUI;OUI
ENSMUSG00000048779;0.8863312148520439;0.0;2.5076319741187305;0.7400457182643649;0.0006298229099374101;0.039885046261996474;WT;1.376281332462983;-1.5465996041958863;OUI;OUI
ENSMUSG00000049382;0.0;0.0;0.8333964368380313;0.006235299190979907;0.0012747002013407886;0.001893672350560063;WT;7.414060862471714;-6.445267190843189;OUI;OUI
ENSMUSG00000051243;1.072583638543107;0.0;2.4722272197508133;0.9185014628215464;0.003248649245826125;0.0214723969306506;WT;1.0793237891549992;-1.248282884323626;OUI;OUI
ENSMUSG00000051669;0.693483234263573;0.0;1.672571293434876;0.4806991519373975;0.014983193186544088;0.008711823553923545;WT;1.1453698113376378;-1.6051131653210764;OUI;OUI
ENSMUSG00000053886;1.6523937626525247;0.0;8.743044605528878;1.9998319963045448;2.0383797001493036e-15;4.850853176074957e-05;WT;2.2762789099665564;-1.8771790700897129;OUI;OUI
ENSMUSG00000055003;11.3259310203625;0.0;4.385561892539244;26.359025480381504;6.793668972565302e-14;4.3980597427358047e-16;WT;-1.5012933093728216;2.751194069406313;OUI;OUI
ENSMUSG00000055254;3.0483342156454736;0.0;8.671687374088727;2.6822528336343607;0.00016979008627820557;0.008223136644888636;WT;1.3621489371215751;-1.4813237071123504;OUI;OUI
ENSMUSG00000056220;0.33626889671860083;0.0;1.8631529278156211;0.5250569561257571;2.7257381514258845e-07;0.010653152446996854;WT;2.334933337372824;-1.617683329345862;OUI;OUI
ENSMUSG00000056481;7.933831524607059;0.0;29.645612520453785;7.904586027383391;4.28777406253313e-19;0.01840021889286972;WT;1.7888657053786698;-1.7282244194631537;OUI;OUI
ENSMUSG00000061126;45.39696543102385;0.0;12.024908293060001;60.57567296989165;0.0002388904805042243;2.7782205147005638e-05;WT;-2.0237287960031676;2.5378098301114638;OUI;OUI
ENSMUSG00000061780;2.200224185254945;0.0;32.09702407741235;4.569937133583851;9.380794893223891e-17;0.015389000633600844;WT;3.7608293185433608;-2.539674323766549;OUI;OUI
ENSMUSG00000062542;0.32446373481345286;0.0;0.04175276207547861;0.342272571207222;0.006057688030298261;0.0369401043945741;WT;-3.0861668535109232;3.2494815186106396;OUI;OUI
ENSMUSG00000072941;6.681172409518058;0.0;18.11105238931136;5.40942335871451;5.35773043367072e-13;0.001586886645269997;WT;1.3140537178696179;-1.5592595897340795;OUI;OUI
ENSMUSG00000073535;2.232575329260164;0.0;5.310826222578866;1.8014937438759842;0.00021227365326894062;0.021094385075413804;WT;1.1252374553044135;-1.334978760691563;OUI;OUI
ENSMUSG00000074001;107.91613965306354;0.0;251.47582041400292;119.95211742714615;5.5657633640637835e-11;0.0009826219198453927;WT;1.0968174885134674;-0.8382267487122705;OUI;OUI
ENSMUSG00000079017;2.053507323154941;0.0;5.670151497313793;2.2482128982771856;7.001385677331781e-06;0.045960510590833635;WT;1.3428871202997492;-1.0878683201745902;OUI;OUI
ENSMUSG00000079227;0.1741337052644512;0.0;1.1535284294700197;0.2977500719277745;0.0003274676104731501;0.03263485200943269;WT;2.571669409826144;-1.7065748485709025;OUI;OUI
ENSMUSG00000079243;182.45963859800474;0.0;556.5698980344025;176.90642049594848;0.0006978798236513958;0.0003502914130280774;WT;1.4860210658108968;-1.429053517289534;OUI;OUI
ENSMUSG00000085272;0.8873283579849767;0.0;15.120108755148047;1.8291313517504642;2.9282134906220946e-09;0.022502887180817204;WT;3.956450799095411;-2.759955214747129;OUI;OUI
ENSMUSG00000085795;23.467245025403116;0.0;52.450578969586786;22.46342478354049;2.0776772828615078e-09;0.0007169634536834176;WT;1.036668758407302;-1.0391423938041509;OUI;OUI
ENSMUSG00000087366;6.387041999010621;0.0;2.6674571265099063;5.178547416309897;9.121418836786036e-05;0.033519775017582756;WT;-1.369802227140804;1.1666242330889427;OUI;OUI
ENSMUSG00000090122;0.21580630143996812;0.0;1.5208295776286365;0.2597562328819908;0.00012209532936556354;0.0021731964567433906;WT;2.6871087991750415;-2.2862308228177683;OUI;OUI
ENSMUSG00000090124;0.06154422916346555;0.0;0.3589682496884494;0.03170067785015621;0.04819949455751305;0.03788233862032144;WT;2.431571736118654;-3.2579424010536555;OUI;OUI
ENSMUSG00000097391;3.248758253992704;0.0;1.6804070464503071;12.858057568138236;0.00033150661688520635;4.8718655679867625e-14;WT;-1.0766969628710188;3.162617648025094;OUI;OUI
ENSMUSG00000097451;42.536987970751895;0.0;21.451040325744327;131.21366429044485;0.016064968224210194;8.51024865114858e-05;WT;-1.139164281579429;2.851433094867485;OUI;OUI
ENSMUSG00000097624;2.800601503905159;0.0;1.2331223197211634;2.6011717357322572;9.671854009971685e-05;0.007878978781201475;WT;-1.3015863793350364;1.2561731139511503;OUI;OUI
ENSMUSG00000104548;0.4804741615894593;0.0;0.0964456876192856;0.6351599086201961;0.039398842167493474;0.010485289019719481;WT;-2.4272068624073277;2.916486018892728;OUI;OUI
ENSMUSG00000107451;3.7065942824634965;0.0;1.953959434636861;3.9186570753681504;0.0019169020821206487;0.007324539852245912;WT;-1.0354500859498796;1.2108862505136493;OUI;OUI
ENSMUSG00000107458;1.0807920529349113;0.0;0.45600226363776586;1.2153702633408279;0.008418069180182149;0.008124487295988888;WT;-1.3489836336057328;1.6245332216570822;OUI;OUI
ENSMUSG00000107605;1.4157210687957227;0.0;0.7101546943328944;1.6169404391088391;0.01141850762661361;0.004423594927788354;WT;-1.1041169106015534;1.4079301535248874;OUI;OUI
ENSMUSG00000109372;0.631510340197442;0.0;1.9085943101028953;0.45118993204117697;0.0009172662745981979;0.005454053932981961;WT;1.4796064207999529;-1.8823824331369616;OUI;OUI
ENSMUSG00000110344;2.3349934722479655;0.0;1.182195095344636;3.7506143707179893;0.021429227725879678;0.0015556089915188282;WT;-1.1002361108865697;1.908353327244116;OUI;OUI
ENSMUSG00000112280;2.823722930560441;0.0;1.3647502435192724;2.593977286937625;0.0004640102232023536;0.01840021889286972;WT;-1.1602711420808394;1.1424398399248856;OUI;OUI
ENSMUSG00000117901;0.4230747508004694;0.0;0.07256464450297481;20.57761203182349;0.007809210193593697;5.485129748087783e-56;WT;-2.663007068151604;8.382863235010047;OUI;OUI
ENSMUSG00000118672;1.7145327287141454;0.0;0.4093297907782456;3.0404325654589046;0.0006215314558125618;9.322284837000743e-06;WT;-2.1629154085517968;3.0977499655304213;OUI;OUI
