Ensembl_Gene_ID;Moyenne_CPM_WT;Moyenne_CPM_WT_treated;Moyenne_CPM_Disease;Moyenne_CPM_Rescue;Pvalue_Patho;Pvalue_Rescue;Ref_Utilisee;Log2FC_Patho;Log2FC_Rescue;Significatif_Patho;Significatif_Rescue;Pourcentage_Correction
ENSMUSG00000000290;1.9434233017712437;0.0;5.3435703693636185;2.2224340242149005;0.023312295019755142;0.034162459068192305;WT;1.4135651134731906;-1.2289155944050065;OUI;OUI;86.93731769569033
ENSMUSG00000000320;1.642670752975239;0.0;6.0713264381007255;0.6658824451237432;0.019494927808383525;0.01328174296425151;WT;1.8242805859843791;-3.010385733524687;OUI;OUI;165.01769272790403
ENSMUSG00000000409;0.08865951578280074;0.0;0.2827269172844096;0.045880028452521496;0.018623219062299915;0.006456058399450604;WT;1.020530499727565;-1.3915329835242523;OUI;OUI;136.35388482090335
ENSMUSG00000001349;2.0180526138511716;0.0;5.346675275213213;1.2357572646932469;0.03890441976578199;0.021608394290075484;WT;1.3626374305610207;-2.0277179943807533;OUI;OUI;148.8083291575092
ENSMUSG00000001517;0.3972130889721008;0.0;1.185859774927183;0.5121595365090819;0.010346191412129245;0.032473976237202364;WT;1.3707971425548504;-1.070753731446787;OUI;OUI;78.11175683296442
ENSMUSG00000001865;0.9320464734237857;0.0;3.3294688397355356;0.8416900524355707;0.006641007453190465;0.004990959012022844;WT;1.7324772100542132;-1.8646609524623385;OUI;OUI;107.62975354392634
ENSMUSG00000002602;19.648870646747056;0.0;53.26522445474494;19.077183709225267;0.011921069080068151;0.0058750561623103804;WT;1.434129759157674;-1.4765090462454264;OUI;OUI;102.95505241332505
ENSMUSG00000002997;0.3101876118617054;0.0;1.3512760916451823;0.425096866245952;0.017686221614663784;0.017584249445653406;WT;1.822966178158945;-1.4666665138289303;OUI;OUI;80.45494922487265
ENSMUSG00000003863;0.24513469240610858;0.0;0.03143035369759575;0.36485486858351424;0.023042616092785215;0.017740835842724685;WT;-1.3928609955437228;1.8224818625659467;OUI;OUI;130.84448965749596
ENSMUSG00000004730;1.349270977448721;0.0;6.622657483778163;2.7241611751366026;0.0181216104490598;0.03721725690237083;WT;2.2137042787823678;-1.2512092211147996;OUI;OUI;56.52106437802106
ENSMUSG00000004939;82.60327222860114;0.0;168.07789775407667;43.95544183431825;0.023737105878745102;0.007768813717544179;WT;1.0239717992861854;-1.9325959760057112;OUI;OUI;188.73527332154833
ENSMUSG00000005320;4.886662146812676;0.0;1.7955667400739026;4.050570683262811;0.003680676684913813;0.006737476954728912;WT;-1.3954452092094087;1.1306804611019796;OUI;OUI;81.02650342913162
ENSMUSG00000005716;6215.160896746728;0.0;3070.6598597545812;6627.5372922575725;0.0053103488617616025;0.034041504857289975;WT;-1.0172192574995094;1.1098989562267312;OUI;OUI;109.11108366783506
ENSMUSG00000009114;0.16927217542183562;0.0;1.328401541386688;0.2534276697128891;0.03006322661880461;0.036741758979713796;WT;2.407264530539054;-2.0149146983986888;OUI;OUI;83.70142425147095
ENSMUSG00000009487;1.0123291003700146;0.0;0.34433556586740155;1.6897187167420258;0.04881727551196505;0.048325002383430966;WT;-1.3238621671922994;2.010011333986299;OUI;OUI;151.82935068919744
ENSMUSG00000015340;1.1329585725917244;0.0;4.228500906902037;1.7600914530301892;0.0033537726631203096;0.013279080422165312;WT;1.8117431357529135;-1.2184939073083576;OUI;OUI;67.25533452232067
ENSMUSG00000015354;2.7058291796403635;0.0;6.8804202197674575;1.9810516193194196;0.0127353533208023;0.008173506757548158;WT;1.3148867093778147;-1.7460011382152683;OUI;OUI;132.78719181164882
ENSMUSG00000019718;0.5451901946189524;0.0;1.6340279083252038;0.6217105873885826;0.01300045413177199;0.024233107002581782;WT;1.426330700028327;-1.2646347940563927;OUI;OUI;88.66350511453213
ENSMUSG00000019853;0.5935050513433621;0.0;1.5715185284092772;0.47067252355634825;0.02233890409461023;0.010019977309210401;WT;1.2691810510122525;-1.550424339326817;OUI;OUI;122.15943004102216
ENSMUSG00000019929;117.81523179376839;0.0;266.609341502937;124.28308505655278;0.012954950562326543;0.04773001635826351;WT;1.177518264578472;-1.1004780505206329;OUI;OUI;93.45740806661779
ENSMUSG00000020264;0.6689434234001637;0.0;1.6173732496802553;0.3019103603479118;0.02392032006828335;0.0064497322295063155;WT;1.1592542672732813;-2.0952579527799475;OUI;OUI;180.74187951025198
ENSMUSG00000020377;0.19845388058184685;0.0;0.6871808380759912;0.2333603336181827;0.01480357269389608;0.023046871251524433;WT;1.3991870901083507;-1.2396126533825982;OUI;OUI;88.59520369078395
ENSMUSG00000020785;0.6664159637500489;0.0;1.778193302577402;0.6567714891779468;0.018023547936802525;0.016309948728246593;WT;1.2931460354490043;-1.3114159096643292;OUI;OUI;101.4128236641775
ENSMUSG00000021384;0.1280303866478726;0.0;0.9062462730101591;0.2231676598062302;0.007774905441515821;0.006639340026430926;WT;2.141685448161721;-1.6386287033699005;OUI;OUI;76.51117506594059
ENSMUSG00000021636;0.6748034275752679;0.0;2.2601028720727725;0.5734128413732889;0.005764961344167088;0.0041323020299290315;WT;1.606947503831344;-1.8092866076643788;OUI;OUI;112.59151915197572
ENSMUSG00000021676;1.1029699312084988;0.0;2.8186385239946974;1.0123860383060523;0.031760045001368295;0.02711692733437346;WT;1.278694960693297;-1.3916380003581124;OUI;OUI;108.83268035366713
ENSMUSG00000021678;0.5439524697394138;0.0;2.7276780917089942;0.8440040765370685;0.0005369849273980336;0.003222960694052199;WT;2.1345917785553135;-1.5827528955571455;OUI;OUI;74.14780243775093
ENSMUSG00000021948;6.897048484439758;0.0;14.81873862741576;6.381974832687181;0.024663614891873457;0.021964653116207048;WT;1.0923071679144223;-1.202620237255096;OUI;OUI;110.09908856043738
ENSMUSG00000021998;3.031699843806793;0.0;9.880366305589181;4.611761229562698;0.01603455260225941;0.03607842468808512;WT;1.672146822345883;-1.0828263353652878;OUI;OUI;64.75665415544107
ENSMUSG00000022225;1.3802175508320391;0.0;3.1703233173784287;1.0409619464788205;0.03853745637200002;0.021387069618885608;WT;1.143624045932366;-1.5191825979722111;OUI;OUI;132.83933667250488
ENSMUSG00000022367;0.09432109685261661;0.0;0.35598095766240295;0.09464116068209426;0.015558756189850965;0.01689391390441307;WT;1.230531038435884;-1.2281567484124698;OUI;OUI;99.80705151293844
ENSMUSG00000022371;6.30781450474889;0.0;23.431032816195227;7.816775590338586;0.02991823969155169;0.03415625134235054;WT;1.8766603543243274;-1.5715797819294801;OUI;OUI;83.74343164817788
ENSMUSG00000022504;0.5463873459033786;0.0;1.6875880708609847;0.5689927333198368;0.014268294154795542;0.009616394783620082;WT;1.4675434619707768;-1.4179518769825727;OUI;OUI;96.62077565404333
ENSMUSG00000022512;1.4239865642787002;0.0;3.1723371578682347;1.046556731759666;0.02147695914279854;0.009714872979769095;WT;1.1024712169172157;-1.5130136593606578;OUI;OUI;137.23838180728538
ENSMUSG00000022816;44.89899399028748;0.0;135.96092687110442;54.49599965441923;0.038146351330592514;0.04985864815002473;WT;1.596288168515895;-1.3173856708400615;OUI;OUI;82.52806078488848
ENSMUSG00000022878;0.3188021599713796;0.0;3.295553078926967;0.4370731929076779;0.028580690221867544;0.026734045935655225;WT;3.019305796457048;-2.6604559658136218;OUI;OUI;88.11482321712293
ENSMUSG00000023046;18.26130300378987;0.0;42.442847697214944;18.4830426590603;0.0002922687807073221;0.004928316182462031;WT;1.212248163672571;-1.1949298684502951;OUI;OUI;98.57139018833213
ENSMUSG00000023247;0.017448706792389898;0.0;0.25297677644510774;0.018323950737597655;0.01953390083344272;0.0168302787599474;WT;1.587542438585894;-1.5768311380225477;OUI;OUI;99.32529037988172
ENSMUSG00000023905;27.99949379866315;0.0;82.655746913781;38.56934912603009;0.021286435838929793;0.03349323511659836;WT;1.558315361230018;-1.097669020826353;OUI;OUI;70.43946606902087
ENSMUSG00000023947;0.7458412983814058;0.0;1.6579901387605225;0.7128408635967725;0.03735196149202269;0.034443855200136486;WT;1.0554680707839692;-1.1128821408464455;OUI;OUI;105.43967843247349
ENSMUSG00000023964;0.3955519866842205;0.0;0.01963054477169755;0.5116440582029532;0.0013239867705922483;0.02452041167723088;WT;-2.0504506196909413;2.3541065373385344;OUI;OUI;114.80922844878214
ENSMUSG00000024011;14.785592212478512;0.0;53.37237636925796;11.888436706288406;0.0021659394917315296;0.0015313240305918215;WT;1.8448771737702834;-2.1571502496674113;OUI;OUI;116.92649674285285
ENSMUSG00000024053;3.431604904413268;0.0;7.884490885917222;3.593961649855941;0.00020173562250095706;0.001916642758094443;WT;1.176876468573558;-1.1120315316285379;OUI;OUI;94.49008119190991
ENSMUSG00000024084;0.7138352757430902;0.0;1.8737634982182492;0.8238384948900782;0.00041885165638537545;0.013744433696331238;WT;1.278140411864399;-1.095236565080143;OUI;OUI;85.68984706661796
ENSMUSG00000024379;0.290499523309393;0.0;0.8552762949895272;0.32051696541745045;0.0026165756177042787;0.0104797205925667;WT;1.2905972775934151;-1.183754058813779;OUI;OUI;91.72141290301794
ENSMUSG00000024680;0.0509083686009083;0.0;0.28610733884473977;0.0;0.001725294905605303;0.0031047025407496282;WT;1.3553291637084655;-1.949001976228203;OUI;OUI;143.80285077444177
ENSMUSG00000024972;0.005588637557674181;0.0;0.3292263975839822;0.05183688604895137;0.018725308096611715;0.024818194169701213;WT;2.0232842111418763;-1.4992164948842535;OUI;OUI;74.09816603556465
ENSMUSG00000025270;15.477778296316998;0.0;40.614563001672856;13.737612301136888;0.035488767531013425;0.035388751222380645;WT;1.386055426828762;-1.5569498921916356;OUI;OUI;112.32955485990756
ENSMUSG00000025402;3.7557001816654334;0.0;16.29735582390744;5.441493526407646;0.021969633735004157;0.025923154282221132;WT;2.0883984125916406;-1.565116425453134;OUI;OUI;74.94338318144175
ENSMUSG00000025701;0.6270015717813875;0.0;1.8782186920754604;0.45925720238192375;0.00026980256577863936;0.0002713437849626686;WT;1.4441715364740844;-1.8226180886156476;OUI;OUI;126.20509692383786
ENSMUSG00000025889;1.9846759192564998;0.0;4.456932414283444;1.5335757423902807;0.04298305669814897;0.02488338579512685;WT;1.128239851734445;-1.4800296251829466;OUI;OUI;131.18040650628413
ENSMUSG00000026109;1.0141186360492627;0.0;2.757202867971653;0.6325806169763929;0.03557137176078588;0.015761348080781744;WT;1.3587006094674545;-1.9635440395354742;OUI;OUI;144.5163139258417
ENSMUSG00000026321;0.46906452721281905;0.0;1.2523915434573092;0.4188751361632906;0.006792675842907543;0.005432547191773545;WT;1.2488487435484583;-1.3820535896252921;OUI;OUI;110.66621123321032
ENSMUSG00000026395;1.2058649838304478;0.0;5.236305315503561;2.1213689172089962;0.02489625333734083;0.04013077417420695;WT;2.0308354710813137;-1.2643922018069813;OUI;OUI;62.2597063715438
ENSMUSG00000026459;4.3757409150602715;0.0;23.040391254282326;7.6134437922434675;0.03118134230728085;0.04810163919769892;WT;2.3702148262347564;-1.584966233810975;OUI;OUI;66.87015099218232
ENSMUSG00000026574;21.108807758653686;0.0;57.531604404743206;18.551015327621588;0.009009359709888776;0.0045646790097381785;WT;1.4421966605859518;-1.6276060131003314;OUI;OUI;112.85603804619053
ENSMUSG00000026579;0.04469184425343449;0.0;0.22521595792167337;0.044425907455677406;0.018773622935460588;0.017948546483102477;WT;1.16841444555509;-1.1710684908722595;OUI;OUI;100.22714922132249
ENSMUSG00000026602;0.01881429503112461;0.0;0.21442774980015844;0.04142293508908023;0.034346667726059044;0.04687405259283516;WT;1.4040201250802697;-1.1527124417705052;OUI;OUI;82.10084886664959
ENSMUSG00000026603;260.6857886748253;0.0;95.72909018799565;213.31878214789626;0.00040585250123798645;0.009142160216132006;WT;-1.4443296764067381;1.1551515709432654;OUI;OUI;79.97838644549036
ENSMUSG00000026628;6.352194144846468;0.0;25.110533086666546;8.775575826028604;0.014680446762632538;0.02356554407450086;WT;1.966164870296225;-1.506113998634061;OUI;OUI;76.6016126430502
ENSMUSG00000026683;0.12067613209299154;0.0;0.6035134688714536;0.20245408589299457;0.002963030058388761;0.008634271718300036;WT;1.6726474454123121;-1.2178618939597845;OUI;OUI;72.81043573001564
ENSMUSG00000026697;10.101686551211717;0.0;21.608153479696472;8.802879732612741;0.04042519130330374;0.025629619958411152;WT;1.089429334440858;-1.2858930419113885;OUI;OUI;118.03363468187018
ENSMUSG00000026773;174.69114799448832;0.0;46.02804189801534;146.16776697655501;0.0261849671313732;0.015996777945781464;WT;-1.9219161663538324;1.6648959203829448;OUI;OUI;86.62687523333742
ENSMUSG00000026786;1.0083345040875464;0.0;3.0024528337144787;1.3065657344143573;0.01711920205569408;0.02328629256553565;WT;1.4850159135325343;-1.1412323002626745;OUI;OUI;76.84983636164742
ENSMUSG00000026815;0.0;0.0;0.256403320029658;0.04117854512818905;0.03292532176255704;0.042697295649289806;WT;1.8335107761640264;-1.3359899169387381;OUI;OUI;72.8651248510889
ENSMUSG00000026879;416.27549029679176;0.0;874.5604449657444;389.9880861884246;0.0038976517461589053;0.010219614423591249;WT;1.0708379041462655;-1.1649231146707264;OUI;OUI;108.78612991492955
ENSMUSG00000026880;39.51568105611421;0.0;87.09824261245855;41.94409272230372;0.03811162031783591;0.03959605429163404;WT;1.1382274546707045;-1.052395946086832;OUI;OUI;92.45919529033885
ENSMUSG00000027077;87.22444378587154;0.0;222.7674388710994;62.05531572620578;0.026939062860124992;0.013579433222462169;WT;1.3517283994808156;-1.842236167306294;OUI;OUI;136.2874499530381
ENSMUSG00000027204;40.22014901208299;0.0;130.42104703920722;31.743444060581183;0.02037367515634257;0.013343177490578891;WT;1.6947095901205846;-2.035214180276328;OUI;OUI;120.09220877369278
ENSMUSG00000027293;53.40838652804746;0.0;108.57679368684191;40.69561601457936;0.027350726149018095;0.015647541747118528;WT;1.0222069749613565;-1.413557876680982;OUI;OUI;138.28489825669317
ENSMUSG00000027398;0.04620253954183757;0.0;0.5800913979616089;0.14789401941181154;0.0005855132224989902;0.0015607405909469872;WT;2.2177602730365704;-1.4560051782112666;OUI;OUI;65.65205424845921
ENSMUSG00000027513;0.21559433709232603;0.0;4.832926488545784;0.9949799495722927;0.027529664945046682;0.03755168557811308;WT;3.966300564651604;-2.1715393356131787;OUI;OUI;54.74974222626587
ENSMUSG00000027978;0.928868595861077;0.0;2.7482154981503615;0.9074232140830905;0.0010325601023247785;0.007995182859446908;WT;1.4689995687031376;-1.499388425281214;OUI;OUI;102.06867695572011
ENSMUSG00000028417;0.5817736316702002;0.0;1.5320433414513464;0.48179162129051334;0.014234437500068055;0.004408037394863133;WT;1.259314662946324;-1.4881049461956746;OUI;OUI;118.16784071523384
ENSMUSG00000028645;5.5257580795225145;0.0;11.573778827327912;5.7196285214138225;0.008163941621322172;0.009406792320545152;WT;1.0531522202266068;-1.004272669075058;OUI;OUI;95.35873816088821
ENSMUSG00000028681;0.7651218969193178;0.0;1.6309297728415388;0.6309044499948591;0.012297276144677838;0.004504517026890682;WT;1.0005718629820404;-1.2437924706403782;OUI;OUI;124.3081597048289
ENSMUSG00000028859;0.3441637795619139;0.0;1.0692295663583766;0.3403269239459917;0.014673054187720871;0.018662199360610376;WT;1.3963945615639894;-1.4089112500248335;OUI;OUI;100.89635750499211
ENSMUSG00000029108;1.49914901841816;0.0;4.305539549066099;1.8262653553005999;0.03427852313958732;0.04315363168943895;WT;1.4620143335226223;-1.1935122604048953;OUI;OUI;81.63478511957281
ENSMUSG00000029201;3.7082163835609796;0.0;7.6928569129895195;3.398206687972309;0.004236514115315706;0.008165209866765125;WT;1.0330368716485998;-1.1555367948810682;OUI;OUI;111.85823328052086
ENSMUSG00000029372;0.15512312333718264;0.0;0.7787668932193974;0.09448926586255386;0.02784627808177315;0.018606634329809333;WT;1.784286853538817;-2.1757899854700216;OUI;OUI;121.94171469320139
ENSMUSG00000029373;1.465711925284896;0.0;6.118967517010255;1.951896186706569;0.0052680122812034874;0.00868109852988327;WT;1.9898562855274653;-1.599717340366095;OUI;OUI;80.39361190037452
ENSMUSG00000029659;2.9723011005247755;0.0;7.405856311517506;2.970822263899262;0.0049202984735140865;0.0029914175673327542;WT;1.2886970580795305;-1.2893916592394168;OUI;OUI;100.05389941375225
ENSMUSG00000029822;4.1982897288479535;0.0;10.249504910328362;4.236180725518361;0.0354985020602538;0.03780667761404539;WT;1.267727118218605;-1.2550649626900119;OUI;OUI;99.00119226475191
ENSMUSG00000030278;0.29401350732359055;0.0;4.251151606160678;0.7633179395781189;0.03244202051302985;0.04099535718905671;WT;3.4650802920337243;-2.3334334124043994;OUI;OUI;67.34139515022456
ENSMUSG00000030353;7.873202844046174;0.0;25.60512139965146;6.631351167471145;0.025663974076364098;0.02180152614942589;WT;1.6888245477483592;-1.9330877980129855;OUI;OUI;114.46350655227373
ENSMUSG00000030495;0.044209064513303226;0.0;0.7018885788793117;0.05221883288429343;0.04455959172178068;0.04554349401775805;WT;2.475239939911601;-2.3972549268396834;OUI;OUI;96.84939577844737
ENSMUSG00000030513;9.128173332104643;0.0;19.753415758142758;6.823933988636173;0.007587130926444702;0.0017899900015930603;WT;1.1052702353800272;-1.5197233672787733;OUI;OUI;137.4979002652021
ENSMUSG00000030911;0.0727989615384068;0.0;0.6454442406765117;0.10198883024848593;0.002339451417927454;0.0017202539245407718;WT;2.1090058953404047;-1.883824926977414;OUI;OUI;89.32288573712715
ENSMUSG00000031070;1.5993638831499;0.0;3.538940911381925;1.7151618462045952;0.0029447047928728384;0.040905400863455316;WT;1.0985238165879874;-1.0034204353752925;OUI;OUI;91.34261991501359
ENSMUSG00000031165;0.49698515884342215;0.0;1.4972116447744224;0.4040824363699661;0.017594328811765238;0.009522683750885748;WT;1.4197885239689754;-1.6638239025243244;OUI;OUI;117.18814973241747
ENSMUSG00000031274;1.5586095603775052;0.0;3.78100535432356;0.9606058503689034;0.004266658390322075;0.0013638855512245508;WT;1.2264561102024156;-1.8715418118894658;OUI;OUI;152.5975364951795
ENSMUSG00000031283;0.909561707392561;0.0;2.211972921674194;0.5852810302717317;0.020365539328043237;0.006037002755653243;WT;1.1953954056365659;-1.754356844335699;OUI;OUI;146.7595437121395
ENSMUSG00000031394;0.08566067513601974;0.0;1.1144641594980578;0.2647831513768333;0.03266272586844626;0.04762846033908249;WT;2.709579739780369;-1.7352089138133835;OUI;OUI;64.03978032820828
ENSMUSG00000031722;0.20656838651568815;0.0;2.9080677182057175;0.9433008443106512;0.007309203950873085;0.011094687370599966;WT;3.294556207262396;-1.527681814877162;OUI;OUI;46.369881656470106
ENSMUSG00000031880;0.9540121648898012;0.0;27.19106207903205;8.194946304596325;0.012362910039102414;0.020731154291134608;WT;4.694465117625064;-1.7181239933116863;OUI;OUI;36.59892980129115
ENSMUSG00000032487;0.016465891104168406;0.0;0.34256176138076133;0.0827335900694854;0.0146592747770285;0.028522864425928773;WT;1.9259713030302488;-1.2761369490950467;OUI;OUI;66.25939578770608
ENSMUSG00000032503;13.132707727039623;0.0;28.718666134178996;8.805408905578176;0.023478512496910065;0.01182223569829053;WT;1.1228952606487836;-1.6942498006981728;OUI;OUI;150.88226467448536
ENSMUSG00000032725;1.5463449673820955;0.0;4.763549318462237;1.4913731814561508;0.006578786076470344;0.0031618095865509465;WT;1.5627428844507103;-1.6117373560595998;OUI;OUI;103.13515876892052
ENSMUSG00000033327;35.11189680807414;0.0;84.92076012991313;33.54999976709963;8.60249970006674e-05;0.003046962896743989;WT;1.2717522125317273;-1.3372086626301;OUI;OUI;105.14694988551241
ENSMUSG00000033544;3.2143600712844242;0.0;9.07694694760831;4.161851671331805;0.004775490524153006;0.04270701195305456;WT;1.4692839222313112;-1.106533884635957;OUI;OUI;75.31109999505206
ENSMUSG00000033585;4.325538448085442;0.0;9.496225691057163;4.628030441220228;0.015422247625612348;0.017246610113198946;WT;1.1166140921473686;-1.0212277641127232;OUI;OUI;91.45753849785446
ENSMUSG00000033722;0.9110047591186313;0.0;2.2497695766151553;0.7348820565080594;0.009054145909892779;0.015995951961004336;WT;1.2167295015150263;-1.4928749819156655;OUI;OUI;122.69571657708931
ENSMUSG00000033825;2.7448707977872444;0.0;5.728109633030856;2.351798272802913;0.00184478736644012;0.028756896733916723;WT;1.0346648835035877;-1.2491877333638797;OUI;OUI;120.73355847610658
ENSMUSG00000034116;0.43679671044917384;0.0;1.4959519852168384;0.6819639893197795;0.011030165483991801;0.043395981428269156;WT;1.5719695125398947;-1.0292431724363087;OUI;OUI;65.47475403123889
ENSMUSG00000034311;0.26793064999997834;0.0;0.6569929068758542;0.14728546446128774;0.025337913966235776;0.007311467078772699;WT;1.0408459188174837;-1.6141023420026899;OUI;OUI;155.07601185444707
ENSMUSG00000035000;1.154913094063949;0.0;3.034624094491638;1.0985604320762916;0.018030197588285567;0.016973710400016433;WT;1.3207049874524202;-1.3869897924739778;OUI;OUI;105.01889555965325
ENSMUSG00000035020;0.07242599645741099;0.0;0.25530079877661327;0.07259943104397976;0.04625662135905277;0.039545270630462696;WT;1.0430636278971752;-1.0416132232655635;OUI;OUI;99.86094754035808
ENSMUSG00000035273;0.18421462877709321;0.0;0.684626717265671;0.24331878745315927;0.004843071663142514;0.004825322591765229;WT;1.4650256480770245;-1.1924576532157358;OUI;OUI;81.39500178491699
ENSMUSG00000036198;0.03026452803785075;0.0;0.21993934288619418;0.04575271284074082;0.0010788309354405957;0.001500372735016289;WT;1.2963541301117418;-1.1342756753054812;OUI;OUI;87.49736264833254
ENSMUSG00000036896;6.089869831235164;0.0;22.546436354822276;8.83398903803331;0.024802498415046607;0.03800197994859027;WT;1.8713030695428976;-1.3419076559415488;OUI;OUI;71.70979821842744
ENSMUSG00000037362;1.4979863920671386;0.0;4.439774850483502;1.2735944603420273;0.0010000562232206215;0.00034660149158506306;WT;1.5063656262299614;-1.7246646228997429;OUI;OUI;114.49176692057219
ENSMUSG00000037379;2.5370666502111794;0.0;10.838473261556972;1.9237414215230944;0.0033871095900744417;0.001182179488109814;WT;2.0524054478934515;-2.4343145176993586;OUI;OUI;118.60787638289561
ENSMUSG00000038651;0.08546066075678366;0.0;0.5806963757353942;0.16834272083881557;0.020569179449211477;0.04468627155061032;WT;1.8758982282870822;-1.342934674763875;OUI;OUI;71.58888759515727
ENSMUSG00000038843;0.6610628491943309;0.0;1.9315001245065393;0.5576194698101831;0.006331832655290703;0.005522253324002334;WT;1.4164579502880295;-1.6272205350750268;OUI;OUI;114.87955103752599
ENSMUSG00000039062;6.498290839190173;0.0;16.988144369720537;7.872653662949354;0.02572380217572714;0.04353634329892335;WT;1.3728314653744003;-1.099863836839083;OUI;OUI;80.11645010904249
ENSMUSG00000039109;4.487204720848808;0.0;17.0210706073724;5.370787101646457;0.035598896275157936;0.04108986210361637;WT;1.9000857190101403;-1.6459525997982964;OUI;OUI;86.62517603624285
ENSMUSG00000039989;2.3675638666744954;0.0;5.041959140837997;2.016083610993719;0.0020490477396148464;0.011276067681830733;WT;1.0592307205466873;-1.280921513690529;OUI;OUI;120.92941487007937
ENSMUSG00000040016;0.03912046290371927;0.0;0.3982606201798441;0.06156938455054557;0.01552567297943709;0.01856519408999793;WT;1.8405659175972637;-1.624746705047609;OUI;OUI;88.27430132390285
ENSMUSG00000040037;0.05695194224662239;0.0;0.5100605532354742;0.15414845078831638;0.010198154460948544;0.016788668612214758;WT;1.9586295663685964;-1.2632810118579578;OUI;OUI;64.49821001911893
ENSMUSG00000040229;0.10628568702440157;0.0;0.7747520233048162;0.24560490538800522;0.02609132505593801;0.04385073106094904;WT;2.084230372030103;-1.3397504017024982;OUI;OUI;64.28034151305152
ENSMUSG00000040703;0.13312879572697398;0.0;0.4898047096565112;0.19404781127341933;0.01572417480007143;0.040919812649905615;WT;1.3391101274777966;-1.0041865905976801;OUI;OUI;74.98909680708387
ENSMUSG00000040740;18.81875126178197;0.0;45.13851886707535;20.13664446869497;0.00781793059818366;0.014724338199412232;WT;1.2577348292327564;-1.1605816055578477;OUI;OUI;92.27553993579636
ENSMUSG00000041460;16.82453631628484;0.0;8.103987357169332;30.818958448032223;0.03238119151988579;0.0200551118616328;WT;-1.0447191349851082;1.9140945470591342;OUI;OUI;183.21618520505575
ENSMUSG00000041669;3.118706727343933;0.0;1.219192224061838;5.071548381185785;0.008995670650043116;0.02394400569285911;WT;-1.2868263315674935;1.9709414935883978;OUI;OUI;153.162974964613
ENSMUSG00000041797;4.884841813745117;0.0;13.53416946243603;5.26049575240281;0.022537875579910164;0.021283154043746307;WT;1.4516071911138286;-1.3467884837724673;OUI;OUI;92.77912723835954
ENSMUSG00000042190;4.6025599608861;0.0;10.367016905303872;4.977905899606179;0.008934467594697194;0.034813500925792946;WT;1.1543320891319724;-1.0435447681927406;OUI;OUI;90.40247404656611
ENSMUSG00000042429;0.4979671882672845;0.0;1.4289603596879674;0.47808748277706986;0.010096047855899234;0.00963048525621663;WT;1.3544127754541764;-1.4031912640208304;OUI;OUI;103.60144916045128
ENSMUSG00000042734;8.673913906853906;0.0;37.84632752996;8.422533899738415;0.04493080394430084;0.04764684348445586;WT;2.1126678122012077;-2.1546059294017397;OUI;OUI;101.98507857877502
ENSMUSG00000044017;2.893129920083093;0.0;10.158969396228173;3.004983484926977;0.0055489335955441;0.003470457574256038;WT;1.7771589997428607;-1.7242283067701965;OUI;OUI;97.02161180003934
ENSMUSG00000044548;2.0537856123208456;0.0;4.646625055117757;2.0967271556760125;0.02850269633995048;0.02892312043300518;WT;1.1400274418019678;-1.1115464019966868;OUI;OUI;97.50172322735668
ENSMUSG00000045284;0.19174928277217557;0.0;0.5504839671442961;0.17869745945422374;0.02009154376373985;0.018060541573205486;WT;1.1567843891815777;-1.2228136472340279;OUI;OUI;105.70800035104948
ENSMUSG00000045725;0.37181753951530716;0.0;1.3614639003550437;0.42848236695093567;0.004861516499393212;0.00494003182925421;WT;1.6311132375966035;-1.46748695218669;OUI;OUI;89.968428767662
ENSMUSG00000047205;21.465523134378294;0.0;56.771878887436955;28.037773218458494;0.004279249492996878;0.01570817749377883;WT;1.3989887544230863;-1.0152073073258236;OUI;OUI;72.56722424611637
ENSMUSG00000048779;0.8863312148520439;0.0;2.5076319741187305;0.7400457182643649;0.016505540715961133;0.011256305991605998;WT;1.4025961732839796;-1.6342005187039312;OUI;OUI;116.5125464240044
ENSMUSG00000048922;0.2828038748086996;0.0;0.6886780968698589;0.2731520921800743;0.020224303850549425;0.013579170475865817;WT;1.0428311436633693;-1.0796728017624875;OUI;OUI;103.5328497127894
ENSMUSG00000049037;0.3977356623327294;0.0;1.4293904877133161;0.5149677875545967;0.01844067883399564;0.02997576595846272;WT;1.6195051424597227;-1.3143740579888967;OUI;OUI;81.15899250440296
ENSMUSG00000049130;0.8140856428698076;0.0;2.313048377703347;0.9261642815195611;0.01292400941695628;0.021185359687662355;WT;1.4004555932605602;-1.2335951250049244;OUI;OUI;88.08527239710602
ENSMUSG00000051243;1.072583638543107;0.0;2.4722272197508133;0.9185014628215464;0.014071113307379705;0.009813263369647869;WT;1.1333272583418608;-1.3365700375421263;OUI;OUI;117.93328242349799
ENSMUSG00000051669;0.693483234263573;0.0;1.672571293434876;0.4806991519373975;0.005523454286799841;0.00046161990079466957;WT;1.159572008953878;-1.6099808221096323;OUI;OUI;138.84267715065573
ENSMUSG00000051832;0.08930995250262554;0.0;0.39169397544488993;0.14036461612961165;0.00017231218708500164;0.023397055083098035;WT;1.3770104192670582;-1.0325361446551982;OUI;OUI;74.98390204301776
ENSMUSG00000052305;251.5832065663979;0.0;714.9252013424382;245.57656429152902;0.033715725530846875;0.03470850250794102;WT;1.506385134517761;-1.541233849200179;OUI;OUI;102.3133999971687
ENSMUSG00000052673;0.11273006940320285;0.0;0.376358865040137;0.11525590754000158;0.017325898110778476;0.025726841700226297;WT;1.1630248649991721;-1.1459960058397438;OUI;OUI;98.5358128912576
ENSMUSG00000053310;0.4804659391041454;0.0;1.0931238425443686;0.24296679556905676;0.036985029743997144;0.0018761921955391826;WT;1.039460478620546;-1.7986029847360079;OUI;OUI;173.0323586128629
ENSMUSG00000053886;1.6523937626525247;0.0;8.743044605528878;1.9998319963045448;0.017602383541506623;0.015884831384653422;WT;2.335216181362386;-2.07426926098518;OUI;OUI;88.82557754831832
ENSMUSG00000056130;0.19635137715853612;0.0;0.6033131901429698;0.13669657714765862;0.03455470760084412;0.020000537104449143;WT;1.24685851249619;-1.57112843077462;OUI;OUI;126.00695377771271
ENSMUSG00000056220;0.33626889671860083;0.0;1.8631529278156211;0.5250569561257571;0.02636657434727717;0.031794852125444556;WT;2.1698830345688234;-1.6511130003949208;OUI;OUI;76.0922581231246
ENSMUSG00000056481;7.933831524607059;0.0;29.645612520453785;7.904586027383391;0.00011293099929161635;0.0006978348568706067;WT;1.8885167740814213;-1.893778188487147;OUI;OUI;100.27860030025408
ENSMUSG00000061068;2.120612358679475;0.0;4.369693551028503;1.4407888785604763;0.025066570355848448;0.023601459808207586;WT;1.0092183507148622;-1.5365067265033263;OUI;OUI;152.24720437281945
ENSMUSG00000061126;45.39696543102385;0.0;12.024908293060001;60.57567296989165;0.0034512299012793594;0.019736859393969474;WT;-1.9077964877601965;2.323144369282592;OUI;OUI;121.77107898926442
ENSMUSG00000061780;2.200224185254945;0.0;32.09702407741235;4.569937133583851;0.0374831362467781;0.042546038224512264;WT;3.8070809667817906;-2.7854523146623595;OUI;OUI;73.16504004603068
ENSMUSG00000061992;0.21048239306061517;0.0;0.03459077588147987;0.2778493627670158;0.034670309164680745;0.04069227383520531;WT;-1.2059319190545015;1.4892316508502057;OUI;OUI;123.49218277453842
ENSMUSG00000062372;0.22062194515817432;0.0;0.6934885869719682;0.28062707735824666;0.011538317660592046;0.020227385577338646;WT;1.307336297429648;-1.0598312755402617;OUI;OUI;81.06799121337902
ENSMUSG00000063193;0.2570902550829911;0.0;1.1335992076045356;0.3649442232129434;0.008170042989479463;0.013009781883628927;WT;1.7885130749254805;-1.4077441840903064;OUI;OUI;78.71030986798114
ENSMUSG00000066952;0.11117348176264766;0.0;0.424305788539504;0.1432544947745459;0.01128161970502108;0.021754485094916096;WT;1.3119797950851566;-1.1079420109704088;OUI;OUI;84.448100060414
ENSMUSG00000068101;0.02265986552161706;0.0;0.23889846682640622;0.05990825307211743;0.0009636257268581708;0.0022408546060299515;WT;1.46618983570679;-1.083608709997383;OUI;OUI;73.90643986670084
ENSMUSG00000069917;36.73349816619678;0.0;101.72729563871711;37.926513698229904;0.03852270164862314;0.04626304061495011;WT;1.4670340143644733;-1.421046756763962;OUI;OUI;96.86529023056863
ENSMUSG00000069919;55.68250906435413;0.0;154.30800375230103;57.530935490940806;0.03435208972154909;0.043309591062501;WT;1.4688628042568685;-1.421832193273165;OUI;OUI;96.7981616924748
ENSMUSG00000070574;0.08373484989756089;0.0;0.3322110184303438;0.07710549548921382;0.023665952823265068;0.02268439607735915;WT;1.2341105560339676;-1.2871268726975207;OUI;OUI;104.2959129845685
ENSMUSG00000072941;6.681172409518058;0.0;18.11105238931136;5.40942335871451;0.008919466005442588;0.0037472288886868693;WT;1.425207665629527;-1.7248410631075153;OUI;OUI;121.02384119126941
ENSMUSG00000073400;0.1127210544257872;0.0;0.4443994618751487;0.13612810235607287;0.012340332227621107;0.016284722770836934;WT;1.3557028072307302;-1.2050958892681782;OUI;OUI;88.89086029414494
ENSMUSG00000073535;2.232575329260164;0.0;5.310826222578866;1.8014937438759842;0.019876459039741785;0.011268652423754988;WT;1.2139252346972624;-1.5087157152330057;OUI;OUI;124.28407210485408
ENSMUSG00000073940;48.508395355122914;0.0;138.31502968708025;46.26803376471817;0.03063625719463936;0.028795583872502827;WT;1.5097231911503979;-1.5777981497101177;OUI;OUI;104.50910192766901
ENSMUSG00000074001;107.91613965306354;0.0;251.47582041400292;119.95211742714615;0.012146494013895249;0.015170725101894097;WT;1.2197463734196246;-1.0673324184030077;OUI;OUI;87.50445508894109
ENSMUSG00000074771;0.0;0.0;0.25385823514856076;0.031955309073717596;0.03920826798579324;0.048841775915323196;WT;1.8231714947393702;-1.4231220976921737;OUI;OUI;78.05750040618311
ENSMUSG00000075296;0.02744315184028068;0.0;0.2563653491423825;0.062244692428571606;0.02488717777742629;0.04185119251597912;WT;1.4835032123485512;-1.1351857809784907;OUI;OUI;76.52061490424134
ENSMUSG00000078780;0.0;0.0;0.10361998130770991;0.0;0.030519035765670395;0.030519035765670395;WT;1.0258791405840315;-1.0258791405840317;OUI;OUI;99.99999990252265
ENSMUSG00000079017;2.053507323154941;0.0;5.670151497313793;2.2482128982771856;0.013915439962498046;0.01557915874742815;WT;1.4219209682476406;-1.2970459830015884;OUI;OUI;91.21786731142129
ENSMUSG00000079243;182.45963859800474;0.0;556.5698980344025;176.90642049594848;0.023392438443156045;0.022048533989254732;WT;1.608454230744584;-1.6530203798104015;OUI;OUI;102.77074393453394
ENSMUSG00000082226;0.04093647348304268;0.0;0.2779923689568512;0.02004294422067332;0.013550551907898091;0.015438109207498864;WT;1.423312088630479;-1.65480650051317;OUI;OUI;116.26448707695525
ENSMUSG00000083161;0.07754616920217842;0.0;0.4098502536358848;0.15097386991360945;0.019428710904771693;0.03708777721829468;WT;1.5218793476950045;-1.0225364141658557;OUI;OUI;67.18905904352206
ENSMUSG00000083307;0.16308721598180262;0.0;0.4529427234070217;0.1530319837304853;0.01880033489594039;0.02410549167701773;WT;1.0715889002710153;-1.1278102906989302;OUI;OUI;105.24654458078378
ENSMUSG00000085794;0.07768225504668846;0.0;0.2922080462381719;0.032851196541646144;0.048886572635283905;0.028181628337949134;WT;1.1423195250381553;-1.561807911345689;OUI;OUI;136.72250852284932
ENSMUSG00000085795;23.467245025403116;0.0;52.450578969586786;22.46342478354049;0.009229852542469563;0.0069879402073573255;WT;1.1569235393720345;-1.2197205955440673;OUI;OUI;105.42793477534728
ENSMUSG00000086541;0.11083208781683533;0.0;0.33476098288318296;0.10011121586257457;0.018579306687952133;0.01551094410345621;WT;1.0441280169799911;-1.1194204433009365;OUI;OUI;107.21103389856435
ENSMUSG00000090124;0.06154422916346555;0.0;0.3589682496884494;0.03170067785015621;0.04445402684185427;0.03844533558465612;WT;1.5064651407433474;-1.8011315839233561;OUI;OUI;119.56012349804574
ENSMUSG00000090223;0.14831027710735;0.0;0.012283721310953354;0.171027055396953;0.0031714726503442813;0.009567554751725138;WT;-1.1449951896504198;1.2712880928411963;OUI;OUI;111.02999411893033
ENSMUSG00000107458;1.0807920529349113;0.0;0.45600226363776586;1.2153702633408279;0.01870261643334172;0.021938191685954928;WT;-1.0865922551164935;1.2423062989744031;OUI;OUI;114.33049444088948
ENSMUSG00000109372;0.631510340197442;0.0;1.9085943101028953;0.45118993204117697;0.006679173305351259;0.0036574232440251438;WT;1.4572360395422375;-1.8655647609183763;OUI;OUI;128.02076733047306
ENSMUSG00000110902;0.2398009765572382;0.0;0.017669231838627047;0.16161729138623787;0.037165256311239084;0.040277168053559416;WT;-1.5299528650450316;1.1527207641075248;OUI;OUI;75.34354748374295
