Protein Annotation,Unnamed: 1,Unnamed: 2,Unnamed: 3,LFQ intensity 180808_AM_Ech26_rep1,LFQ intensity 180808_AM_Ech27_rep1,LFQ intensity 180808_AM_Ech28_rep1,LFQ intensity 180808_AM_Ech29_rep1,LFQ intensity 180808_AM_Ech26_rep2,LFQ intensity 180808_AM_Ech27_rep2,LFQ intensity 180808_AM_Ech28_rep2,LFQ intensity 180808_AM_Ech29_rep2,LFQ intensity 180808_AM_Ech26_rep3,LFQ intensity 180808_AM_Ech27_rep3,LFQ intensity 180808_AM_Ech28_rep3,LFQ intensity 180808_AM_Ech29_rep3,LFQ intensity 180808_AM_Ech30_rep1,LFQ intensity 180808_AM_Ech31_rep1,LFQ intensity 180808_AM_Ech32_rep1,LFQ intensity 180808_AM_Ech33_rep1,LFQ intensity 180808_AM_Ech30_rep2,LFQ intensity 180808_AM_Ech31_rep2,LFQ intensity 180808_AM_Ech32_rep2,LFQ intensity 180808_AM_Ech33_rep2,LFQ intensity 180808_AM_Ech30_rep3,LFQ intensity 180808_AM_Ech31_rep3,LFQ intensity 180808_AM_Ech32_rep3,LFQ intensity 180808_AM_Ech33_rep3,LFQ intensity 180808_AM_Ech34_rep1,LFQ intensity 180808_AM_Ech35_rep1,LFQ intensity 180808_AM_Ech36_rep1,LFQ intensity 180808_AM_Ech34_rep2,LFQ intensity 180808_AM_Ech35_rep2,LFQ intensity 180808_AM_Ech36_rep2,LFQ intensity 180808_AM_Ech34_rep3,LFQ intensity 180808_AM_Ech35_rep3,LFQ intensity 180808_AM_Ech36_rep3,LFQ intensity 180808_AM_Ech25_rep1,LFQ intensity 180808_AM_Ech25_rep2,LFQ intensity 180808_AM_Ech25_rep3,logFC_Patho,P.Value_Patho,adj.P.Val_Patho,logFC,adj.P.Val,logFC_Rescue,P.Value_Rescue,adj.P.Val_Rescue
E9PV24,sp|E9PV24|FIBA_MOUSE Fibrinogen alpha chain OS=Mus musculus OX=10090 GN=Fga PE=1 SV=1,Fga,Fibrinogen alpha chain;Fibrinopeptide A;Fibrinogen alpha chain,27.5205953903847,27.4092763065556,26.3539238508772,26.8119749884293,27.2324960291426,27.5068351259868,26.2341339067424,26.730751879788,27.2919730378193,27.3907585864094,25.3637690131566,26.7016387799728,26.6702233333776,26.6122830529065,26.4648618884811,26.3887433613137,26.7107165992674,26.8230944169014,26.3726146713214,26.2783435465714,26.7157860688846,26.6446581987096,26.3666751051575,25.0510189593731,26.621799294639,26.8514801132895,26.768926810882,26.8749014548589,26.8035288648041,26.7532820674306,26.9573189634296,26.8714129633405,26.6820115986506,25.8752778661547,25.7320847889301,26.2172575476487,-0.454092307749946,0.034427619645001,0.0498908725363998,-0.454092307749946,0.0498908725363998,0.15918859431607,0.445640637950351,0.536581102194395
O09106,sp|O09106|HDAC1_MOUSE Histone deacetylase 1 OS=Mus musculus OX=10090 GN=Hdac1 PE=1 SV=1,Hdac1,Histone deacetylase 1,,,,22.7870707009646,,,,,,,,,,,,23.7815216081852,,,,,,,23.8064681546766,,,,,,23.3654451450695,,,,,,,,1.00692418046629,0.0091577834107904,0.0147117209490674,1.00692418046629,0.0147117209490674,-0.428549736361358,0.0916713372051775,0.142447120043284
O35114,sp|O35114|SCRB2_MOUSE Lysosome membrane protein 2 OS=Mus musculus OX=10090 GN=Scarb2 PE=1 SV=3,Scarb2,Lysosome membrane protein 2,,,,,23.5680182287518,,,,,,,,24.3653540989263,24.6745165852359,24.6426395488399,24.366884622187,24.811305069541,24.7549463041941,24.3687784923294,24.5927798005883,24.2106549123267,,24.3247467598568,24.4830374931555,23.5794060270926,,,,23.7592765539556,,,24.1283077360102,23.5718644776558,,,,0.940676651900976,0.0005831561334293,0.0011025519525156,0.940676651900976,0.0011025519525156,-0.748981181974251,1.70772680807239e-05,6.08905601673983e-05
O35593,sp|O35593|PSDE_MOUSE 26S proteasome non-ATPase regulatory subunit 14 OS=Mus musculus OX=10090 GN=Psmd14 PE=1 SV=2,Psmd14,26S proteasome non-ATPase regulatory subunit 14,25.0844230499995,24.7164785777444,24.4693410472857,,24.8735573631002,24.8808790342086,24.7526901696771,24.6889076833969,24.8252064058031,,24.8163793659379,25.2203900473558,25.1329548744313,25.0108603585629,25.2169172995567,25.0938224875004,25.2559225084378,24.308762921774,25.0896119850047,25.4030601038256,25.175850697962,25.2607835962226,24.8643683110521,25.1962112465106,24.417573723682,24.6515680565469,25.1810879868544,24.9245954556943,24.8595715906616,25.1222959805833,24.845300037382,24.5628585292777,25.3517318991878,24.9058086654366,24.950891321191,24.8584911399917,0.251268591452465,0.0246515601567018,0.0366204161015097,0.251268591452465,0.0366204161015097,-0.198112667029278,0.0601121179223017,0.0997433249075707
O55131,sp|O55131|SEPT7_MOUSE Septin-7 OS=Mus musculus OX=10090 GN=Sept7 PE=1 SV=1,Sept7,Septin-7,25.9377937173019,25.6908000839563,25.3650878705626,25.3660892374361,25.4990798989565,24.2452286523354,25.2624430965756,25.7334988091817,25.3831950583574,25.8137129631033,25.3917097738813,25.5277123709917,26.0984030078986,26.0917325851132,26.1713240710291,26.1729099402836,26.0071332557705,26.1619289311032,26.0980017170288,26.0566599146652,26.1233459177742,26.0548588405021,26.1850346614272,26.1233037711784,26.0365864922147,26.0322467024249,26.184432997285,26.0342478409763,26.1275715428362,26.1208174059792,25.8971302818173,26.1011253934186,26.1288777015657,26.1044061451971,25.8491189955344,26.1987382004416,0.677357090094532,1.34772834556288e-07,3.87692322209584e-07,0.677357090094532,3.87692322209584e-07,-0.0441114095069253,0.671509069307651,0.734407676063381
O89103,sp|O89103|C1QR1_MOUSE Complement component C1q receptor OS=Mus musculus OX=10090 GN=Cd93 PE=1 SV=1,Cd93,Complement component C1q receptor,,,,,,,,,,,,24.5777501927352,23.858419302859,23.8267978545683,,23.4857463546805,23.3078424089152,23.699254429157,,,,23.412973900236,,23.979355524851,23.8905045726988,23.7808169942888,,24.0248406163258,23.8630784554776,23.5865386135093,23.9035050041207,,24.0760820187647,24.1051232145416,,24.0769131400647,-0.924837367697076,0.0006399387005901,0.0012010556831808,-0.924837367697076,0.0012010556831808,0.270131911605414,0.0187671878037555,0.0358066713217799
P06797,sp|P06797|CATL1_MOUSE Cathepsin L1 OS=Mus musculus OX=10090 GN=Ctsl PE=1 SV=2,Ctsl,Cathepsin L1;Cathepsin L1 heavy chain;Cathepsin L1 light chain,,23.6545193095966,,23.9618418551244,,,23.4215050279196,23.9650537848016,23.8045142585949,,23.3656109024843,24.2540276440561,23.8171191830584,24.1131675102514,24.1903956876212,23.7981567854802,,23.9541014361259,,,24.1575786070193,24.2185503701201,24.0315082841793,24.1150309908437,24.161542192345,,,24.3329976328687,,,24.5770041794435,,,24.1529163579655,24.1036360138677,,0.268660427614282,0.0278355255244657,0.0409549462544481,0.268660427614282,0.0409549462544481,0.221662735887026,0.0923753855479604,0.143272581139868
P11499,sp|P11499|HS90B_MOUSE Heat shock protein HSP 90-beta OS=Mus musculus OX=10090 GN=Hsp90ab1 PE=1 SV=3,Hsp90ab1,Heat shock protein HSP 90-beta,31.3923234840143,31.4437312011659,31.2800851916564,31.2533209674147,31.3646147092492,31.4557368087739,31.248067786438,31.2361078313969,31.4025195791512,31.5062847344553,31.3012631304223,31.2664941150573,31.4924277066774,31.5791226841744,31.6552845074628,31.6474796675561,31.4935314754933,31.5966768986049,31.6321424621989,31.6825437437644,31.4826269772352,31.5928025473069,31.6817397357863,31.6208268313833,31.3562599154401,31.3505264931802,31.6883443874054,31.3886562993453,31.3743123034853,31.6611224973616,31.3812431282792,31.3010121935428,31.6426697625903,31.516905603851,31.5904715761225,31.6133922573667,0.250554641537363,4.26519800873946e-06,1.04858462227636e-05,0.250554641537363,1.04858462227636e-05,-0.107690734972795,0.025422504589688,0.0469382100330766
P13020,sp|P13020|GELS_MOUSE Gelsolin OS=Mus musculus OX=10090 GN=Gsn PE=1 SV=3,Gsn,Gelsolin,,,,22.566006349063,,,,,,,,,28.4138576321319,27.7111110071747,27.8722559675638,28.5703160743007,28.260834234258,27.7899050692611,27.5654301899328,28.4055871894723,28.4635053468285,27.8303018610336,27.878147998686,28.43127226027,24.0836099926625,23.9599655775055,24.7968774975301,24.1410057886433,23.8641193951738,25.6078873049269,25.1327326100605,25.5383325878627,23.8222343796664,23.3413002408918,23.0612931568923,24.3997256650964,5.53337072017983,4.4027076088852905e-09,1.46979761606821e-08,5.53337072017983,1.46979761606821e-08,-3.78695338616677,4.4934807708766504e-14,5.73091624470268e-13
P13634,sp|P13634|CAH1_MOUSE Carbonic anhydrase 1 OS=Mus musculus OX=10090 GN=Ca1 PE=1 SV=4,Ca1,Carbonic anhydrase 1,,,,,,24.5397757360816,,,,24.907894273307,,,,,,,23.779773971817,,,,,,,,24.5535405077559,,,24.0776186934369,,,24.2585596667879,,,23.9289360635855,24.0212560046902,,-0.944061032877237,0.0114729003554205,0.018259352271967,-0.944061032877237,0.018259352271967,0.388208215434258,0.164925354012825,0.234315541519507
P26369,sp|P26369|U2AF2_MOUSE Splicing factor U2AF 65 kDa subunit OS=Mus musculus OX=10090 GN=U2af2 PE=1 SV=3,U2af2,Splicing factor U2AF 65 kDa subunit,,,,,,,,,,24.8988100705856,,,,23.9906335357971,24.178079698611,23.8854691119376,,24.1642203786003,23.7432428323457,,,,23.8443989395147,24.123537387087,,24.0609832303445,,23.8767441954223,,,,24.2623803543599,24.6154614070249,,,,-0.908869801457957,0.0025676403203578,0.0044300431087788,-0.908869801457957,0.0044300431087788,0.213952027660245,0.149319746430252,0.216978211727746
P34914,sp|P34914|HYES_MOUSE Bifunctional epoxide hydrolase 2 OS=Mus musculus OX=10090 GN=Ephx2 PE=1 SV=2,Ephx2,Bifunctional epoxide hydrolase 2;Cytosolic epoxide hydrolase 2;Lipid-phosphate phosphatase,24.3169652717485,,24.448433491365,,23.8182143292564,,,,,,,,,,,22.8689115839349,,,,,,,,,,23.4802191754985,,,,,,23.6104151790604,,,,,-1.32562611352168,0.0042652424895008,0.0071897132435288,-1.32562611352168,0.0071897132435288,0.676405593344523,0.0662876718178377,0.107855701544627
P42669,sp|P42669|PURA_MOUSE Transcriptional activator protein Pur-alpha OS=Mus musculus OX=10090 GN=Pura PE=1 SV=1,Pura,Transcriptional activator protein Pur-alpha,24.5060958206896,,25.0520099667997,24.9763963960064,24.5659274551286,24.5749586520272,24.8241724754939,25.0888595296587,24.5077638230058,24.9069457246414,24.5154956202699,24.7318369164788,25.1765137788098,24.8079483288354,,24.7742003843008,25.0365156365846,25.2846382469698,25.1703832971836,24.9846363435537,24.9448000763666,25.2355776493626,25.4448151396564,24.3219927052413,24.6356937362973,24.7722157370694,24.3237793582723,24.5293333800042,24.8622262185477,24.8629954243423,24.6368846731703,24.7566412942133,25.1048306295006,24.8114945101557,,24.8663732365636,0.266505382424082,0.0163811278772406,0.025413866736969,0.266505382424082,0.025413866736969,-0.274504853520735,0.0136640642954766,0.0269381909653985
P50516,sp|P50516|VATA_MOUSE V-type proton ATPase catalytic subunit A OS=Mus musculus OX=10090 GN=Atp6v1a PE=1 SV=2,Atp6v1a,V-type proton ATPase catalytic subunit A,,24.7494709714385,,,24.3142450925022,,24.501452820401,23.9075479698723,,,24.2203413555693,,24.6128280693804,25.1504579919992,24.5102955640875,24.3965200594057,24.3463694432456,,24.7777319996382,24.8030962667813,24.4597101711021,25.1739349487498,25.0095696294367,24.5606861345571,,24.8445722725971,24.5839597670509,24.6520992157824,,,24.615234036849,24.1927360277972,24.4490475212877,24.4429136460405,24.5753308986469,24.4682974128184,0.370588383350945,0.0131886842745429,0.0207539724933759,0.370588383350945,0.0207539724933759,-0.173178825433123,0.146567935339738,0.213540981364925
P61961,sp|P61961|UFM1_MOUSE Ubiquitin-fold modifier 1 OS=Mus musculus OX=10090 GN=Ufm1 PE=1 SV=1,Ufm1,Ubiquitin-fold modifier 1,,,,,,,,,23.2470451091742,,,,,,,,,,24.2604452732338,24.4948411997289,,,24.2935927896556,,,,,24.3289485654753,,24.3880148277249,,,,,24.6225553920295,24.4442499145578,1.1025813116986,0.0002561607350847,0.0005060736473625,1.1025813116986,0.0005060736473625,0.0963157540741406,0.410144287780726,0.503746601715133
P70288,sp|P70288|HDAC2_MOUSE Histone deacetylase 2 OS=Mus musculus OX=10090 GN=Hdac2 PE=1 SV=1,Hdac2,Histone deacetylase 2,,,,,,,,23.9482943122156,,,,,23.4113842816763,22.8923926150063,,,,23.0769635892172,,,,,22.9437381507533,,,,,,,,,,,,,,-0.867174653052292,0.0131599349172527,0.0207299281859282,-0.867174653052292,0.0207299281859282,,,
P80316,sp|P80316|TCPE_MOUSE T-complex protein 1 subunit epsilon OS=Mus musculus OX=10090 GN=Cct5 PE=1 SV=1,Cct5,T-complex protein 1 subunit epsilon,26.4964560367993,26.7886814760077,26.8490911996785,26.7117930908851,26.7314972094979,26.8702669106212,26.8604462484274,26.208125418871,26.8111587320805,26.9242062072305,26.7402289040065,26.9745418449244,26.8435732138095,26.9483576462119,27.1334008671902,27.2298430910248,26.929070574658,27.0296903058485,27.0735837510331,27.1672992948656,26.8237206399627,27.0136828211881,26.8524613550223,27.0227407656754,27.0339251984979,26.8768620014085,26.8701255336556,27.2680045781084,26.643267289999,26.65707102569,27.0787784974406,26.9728086791035,27.0374788451987,27.0498256419008,27.0007170862182,27.0011820298875,0.258410920621682,0.0009344764509518,0.0017161804988244,0.258410920621682,0.0017161804988244,-0.048114826615123,0.505515325607504,0.589360248168727
P84084,sp|P84084|ARF5_MOUSE ADP-ribosylation factor 5 OS=Mus musculus OX=10090 GN=Arf5 PE=1 SV=2,Arf5,ADP-ribosylation factor 5,24.4594390673791,,24.0035028541586,23.8889393196215,24.220954952207,24.1797516578576,24.3440048640349,23.9627376901624,24.0195753644914,24.316588365946,,24.0990796522712,24.6104067624497,,23.437851596923,24.5153408488663,24.9804760266198,,24.4596114431242,24.6363885789442,24.9064551445742,24.740954510223,23.9367320691352,24.5537682519751,24.5474568963303,24.5144873577643,24.5418269093907,24.5719136864278,23.8258727729516,24.6724097375004,24.2239785009757,24.5632042505927,24.3411664916792,24.1166250042987,24.2974832246432,24.2416328977801,0.328341144470507,0.023448607339932,0.0349975295495524,0.328341144470507,0.0349975295495524,-0.106293712422247,0.426536671358328,0.518473461225885
P97346,sp|P97346|NXN_MOUSE Nucleoredoxin OS=Mus musculus OX=10090 GN=Nxn PE=1 SV=1,Nxn,Nucleoredoxin,,,,,,,,,22.1512252307349,,,,,,22.5804411459294,22.9136452495289,23.4402473720965,22.7436108793291,22.9624605633969,,,,,23.2687827094215,,,,,,23.4020583946489,,,,,,,0.833639422548796,0.0289307728237199,0.0424851711600237,0.833639422548796,0.0424851711600237,0.417193741365203,0.214816264525124,0.292658477060522
P97822,sp|P97822|AN32E_MOUSE Acidic leucine-rich nuclear phosphoprotein 32 family member E OS=Mus musculus OX=10090 GN=Anp32e PE=1 SV=2,Anp32e,Acidic leucine-rich nuclear phosphoprotein 32 family member E,,,,,,,,26.0785001661183,,,,,,24.1767210690226,24.8546046861295,,,,24.1249265807124,24.6778351733921,,,24.6233186696812,,,,,,,,,,,,,,-1.58701893033073,0.0017968602558187,0.0031932655123614,-1.58701893033073,0.0031932655123614,,,
Q3TCJ1,sp|Q3TCJ1|ABRX2_MOUSE BRISC complex subunit Abraxas 2 OS=Mus musculus OX=10090 GN=Abraxas2 PE=1 SV=1,Fam175b,BRISC complex subunit Abro1,,,,,,,,,,21.7565811206087,,,22.574916130259,,22.499157286724,,,,,,22.9779396188606,,22.2445521193391,,,,22.1986510807993,,,21.931173429639,,,,,21.5895726233608,22.2221513909661,0.817560168187029,0.0266411552575228,0.0393481170262261,0.817560168187029,0.0393481170262261,-0.58875415760437,0.0148841283897426,0.0289986896241989
Q60631,sp|Q60631|GRB2_MOUSE Growth factor receptor-bound protein 2 OS=Mus musculus OX=10090 GN=Grb2 PE=1 SV=1,Grb2,Growth factor receptor-bound protein 2,24.9548309543481,24.63425978176,24.2866981854385,24.8497498409985,24.4153868551829,24.9341251783844,24.5803489977808,,24.8713173929275,24.4406064957502,24.6758528178875,24.4596058336714,24.8759488753484,24.9446135779269,25.1218960610792,24.9851194648503,24.9370511196148,24.6316435230023,24.9822561015807,25.0427304285842,24.676483022497,24.6532690296038,25.2079210907716,24.8340707004497,24.5784583342632,24.7480281987186,25.005543118425,24.6401482695477,24.683089859439,,24.63405580613,24.6448499911823,25.2428473714608,24.9644852175745,25.0113643304177,24.8088461272145,0.262042764688182,0.0046764195624542,0.0078228366376272,0.262042764688182,0.0078228366376272,-0.0930487383023966,0.289313711104872,0.375632054042191
Q61043,sp|Q61043|NIN_MOUSE Ninein OS=Mus musculus OX=10090 GN=Nin PE=1 SV=4,Nin,Ninein,,24.9688119691695,,,,,,24.7510530171934,,,,,,25.1474930084206,,,25.4397561749787,,,,,,,,,,25.1918447574933,,25.1809871592631,,,25.3207288844477,25.2384122053476,,,,0.433692098518176,0.0184545145871017,0.0283731248247247,0.433692098518176,0.0283731248247247,-0.060631340061704,0.639800698746328,0.704843560479343
Q61247,sp|Q61247|A2AP_MOUSE Alpha-2-antiplasmin OS=Mus musculus OX=10090 GN=Serpinf2 PE=1 SV=1,Serpinf2,Alpha-2-antiplasmin,23.9641081622415,23.3647095654057,,,,23.3356652890933,,,24.2220307280317,,,,23.6388582500195,,,22.6006264062549,,23.0374109009949,,,,,,22.9728115236319,,22.8405923692786,,,,,22.9715368416776,,23.0100990992716,,,,-0.65920166596775,0.0219988584005249,0.0331923951749096,-0.65920166596775,0.0331923951749096,-0.121684000149369,0.654574375200692,0.718255667824452
Q61335,sp|Q61335|BAP31_MOUSE B-cell receptor-associated protein 31 OS=Mus musculus OX=10090 GN=Bcap31 PE=1 SV=4,Bcap31,B-cell receptor-associated protein 31,23.270924897893,,,,,,,,,,,,,,,,,,24.9161669111229,24.7091291988199,,,,,,,,,,,,,,,,,1.54172315707842,0.0037019727217565,0.0062745991396292,1.54172315707842,0.0062745991396292,,,
Q64511,sp|Q64511|TOP2B_MOUSE DNA topoisomerase 2-beta OS=Mus musculus OX=10090 GN=Top2b PE=1 SV=2,Top2b,DNA topoisomerase 2-beta,26.7084247863946,,,,,,,27.5711516864148,26.6866083069095,,,26.5479920842055,27.2004186577702,26.9850577502477,,25.0258785084609,,,25.731619823316,25.2700060271498,,25.9856370250487,25.0949625455013,,27.0880039114497,27.0950909892886,,26.7879933896357,,,,26.9258607473629,26.5416408344096,,,,-0.979461310624703,0.0212416680653837,0.0321761094021905,-0.979461310624703,0.0321761094021905,0.98863506907292,0.0140184982190948,0.0275713760940203
Q6IRU2,sp|Q6IRU2|TPM4_MOUSE Tropomyosin alpha-4 chain OS=Mus musculus OX=10090 GN=Tpm4 PE=1 SV=3,Tpm4,Tropomyosin alpha-4 chain,,,,,23.7028490484498,,23.7840001149693,24.2031893732394,,,23.5402322985914,,24.9697420982351,23.8263163623765,23.4281690435257,24.9012943918735,24.9598864797293,23.8786178033154,24.4090334029045,24.9048307463152,25.1288876468964,24.4339453571848,23.8262152302909,24.2565121564568,24.192550079291,,25.0711966769664,24.423681450648,24.3403682332095,24.6357171477297,24.8501836619705,24.1137483765065,23.8829408826317,23.8234145501078,24.379813479221,24.6559655431067,0.602719851112884,0.0293014952791088,0.0429885617107231,0.602719851112884,0.0429885617107231,-0.0130530070718393,0.945470325867609,0.959051530933835
Q6PDI5,sp|Q6PDI5|ECM29_MOUSE Proteasome adapter and scaffold protein ECM29 OS=Mus musculus OX=10090 GN=Ecpas PE=1 SV=3,Ecm29,Proteasome-associated protein ECM29 homolog,25.4273838446755,25.4541408525946,25.3193591056829,25.5246777055725,25.5439144030593,25.4668210793198,25.2771755043156,25.9782996508489,25.471147458489,25.7073504726659,25.356555967079,25.4940931710183,26.2535519306616,25.5885159076502,25.7031575623914,25.7444907848012,25.9095743990322,25.4217683367672,25.8331202462903,25.66742406644,25.9831501950611,25.3472506790217,25.9433445278326,25.8440505481742,26.0067486574501,25.6773865672964,25.4901489051374,25.56128682927,25.4505946505164,25.5621269474694,25.6956333175841,25.5106664127052,25.5455782610219,25.6358882997775,25.4233899715758,25.3192422179409,0.268206664066891,0.0028177548706852,0.0048344757480318,0.268206664066891,0.0048344757480318,-0.196725678864901,0.0241864918518279,0.0448559323158061
Q7M6Y3,sp|Q7M6Y3|PICAL_MOUSE Phosphatidylinositol-binding clathrin assembly protein OS=Mus musculus OX=10090 GN=Picalm PE=1 SV=1,Picalm,Phosphatidylinositol-binding clathrin assembly protein,24.1056430033468,23.7116797691318,,,23.8205889664934,,,24.084562815856,24.4825861637075,24.0185163810029,24.4009965012202,,24.2942226500971,24.3814030946415,24.1636392293788,24.9441253857431,24.848343498828,24.0316996307428,,24.7034545910097,24.3567606638017,24.3172701864943,24.1303546637242,24.3933004419979,23.6227730286268,,,23.9509221017804,23.9927292667919,24.0322157978454,24.0800929187903,,24.5119958669698,24.279321699131,24.3025618306277,24.43694449226,0.325736475933336,0.022468705234835,0.0338018937990334,0.325736475933336,0.0338018937990334,-0.280566053505819,0.0332547791439855,0.0594864435970803
Q80WJ7,sp|Q80WJ7|LYRIC_MOUSE Protein LYRIC OS=Mus musculus OX=10090 GN=Mtdh PE=1 SV=1,Mtdh,Protein LYRIC,22.3907217689769,23.0130551138794,,22.5012451001468,22.7573042946043,22.5797569121125,21.7186876561652,,22.3070318054197,22.8053481954879,,22.8993767321158,23.13150816062,22.7228746682792,22.6356774017547,22.9364243693915,22.900059925462,22.9156296744397,22.8277637664313,23.0657708758576,23.3143202893539,22.325651990914,22.4507801507541,23.2234946715507,22.7758551169736,22.4705649079063,,22.0699711812241,22.314930766847,22.3068074524312,,,,,,22.0575414104927,0.318326597744232,0.0312522815275667,0.0456330752096064,0.318326597744232,0.0456330752096064,-0.538217856088238,0.0022013394752273,0.0052515407912616
Q8BGY7,sp|Q8BGY7|F210A_MOUSE Protein FAM210A OS=Mus musculus OX=10090 GN=Fam210a PE=1 SV=1,Fam210a,Protein FAM210A,,23.8440495662831,,24.3798578226423,,,23.7873559528791,,24.3335978656903,,,,,23.0574085944724,,,,,,,,,,,23.3584618152543,,,,,,,,,,,,-1.02880670740133,0.0161558038624241,0.0251149314588593,-1.02880670740133,0.0251149314588593,0.301053220781977,0.454790596481118,0.546407832583836
Q8BWB1,sp|Q8BWB1|SYP2L_MOUSE Synaptopodin 2-like protein OS=Mus musculus OX=10090 GN=Synpo2l PE=1 SV=1,Synpo2l,Synaptopodin 2-like protein,27.8296994449145,27.9963142646425,27.8753346424106,28.0736088762476,27.5251096372825,27.9194511248084,27.9421060659736,27.9542522499179,27.7000078292376,27.8446434807168,28.1105368222562,28.0882064972034,28.0552139778639,28.0204264826437,28.339329626568,28.2313243192877,28.0208159076628,27.9721639422187,28.3584712087085,28.2247878600974,28.0158007487947,28.0748095963727,28.3132849960573,28.3097182569169,28.2479711199211,28.1554550292546,28.3689488533917,28.2598776765962,28.1745079576634,28.398996043925,28.2574329336477,28.0672390002708,28.2978346058964,28.4122111615527,28.4933870143727,28.3986437434676,0.256406332298397,0.0001809806339821,0.0003640904518934,0.256406332298397,0.0003640904518934,0.133029851397289,0.0367763862203228,0.0649363667234241
Q8C1B7,sp|Q8C1B7|SEP11_MOUSE Septin-11 OS=Mus musculus OX=10090 GN=Sept11 PE=1 SV=4,Sept11,Septin-11,25.4741161158758,23.4611758613159,24.7902079949844,23.5101924711537,24.660655168101,24.6920490730492,24.7730394161639,24.6340718173168,24.9126601605749,23.5806700485123,24.1923546132653,24.3789433868467,24.7603196542364,26.0194579765527,25.3289936384349,25.3949197319639,25.0807469919909,25.4859805576118,25.0748813631545,25.4218073855661,25.9336005687525,25.3259342183539,25.2325935214392,25.5716335238578,25.5249475260436,25.3088548824195,25.9508019808172,25.3804316356707,25.4236329518276,25.890323588008,24.9202071813641,23.6736870653148,25.2978092321711,24.9861088765866,24.831869719431,25.0209835105158,0.964227750396216,6.54450925674797e-05,0.0001396948647175,0.964227750396216,0.0001396948647175,-0.201767581812028,0.349915776529964,0.440664863748173
Q8R2Y2,sp|Q8R2Y2|MUC18_MOUSE Cell surface glycoprotein MUC18 OS=Mus musculus OX=10090 GN=Mcam PE=1 SV=1,Mcam,Cell surface glycoprotein MUC18,24.125170594974,,,,,23.3591354211274,,,,23.8338163336206,,,,24.3023841499152,,24.1779752423585,,,,24.1785398206102,,24.8788005792309,,,,,,24.778240987293,,,24.6340023779274,24.22703320432,,,,,0.611717498121354,0.027481991113098,0.040473477821108,0.611717498121354,0.040473477821108,0.162000575151463,0.505826075478949,0.589360248168727
Q91VC9,sp|Q91VC9|GHITM_MOUSE Growth hormone-inducible transmembrane protein OS=Mus musculus OX=10090 GN=Ghitm PE=1 SV=1,Ghitm,Growth hormone-inducible transmembrane protein,,,,,,,,,23.2995053909755,,,23.4668453203511,24.7411068195341,,23.555411510863,,,,,,,,,,23.4512789098402,23.6118830590673,23.2817992582356,,23.5315335452986,23.5239908079349,,23.4113995893661,,,23.3642890508573,,0.765083809535263,0.0243525086563372,0.0362111215672492,0.765083809535263,0.0362111215672492,-0.694519990827107,0.0133035249029822,0.0263842635037614
Q924C5,sp|Q924C5|ALPK3_MOUSE Alpha-protein kinase 3 OS=Mus musculus OX=10090 GN=Alpk3 PE=1 SV=1,Alpk3,Alpha-protein kinase 3,,,,,,,23.0621093319484,,,,,,24.4259480962999,24.7435142285663,24.7191016514166,24.9292662301168,24.2258108396952,24.6438460683782,24.475600683955,24.2717618824051,24.3746513047312,24.6419239116481,24.2525629109175,24.1937487253365,23.5287043207333,,22.9595127319161,23.2409704789586,,23.6963286778961,22.9552079292345,,23.0550672811989,23.280282992326,22.7818630891919,23.1075810012784,1.42936871250711,2.38001782964225e-05,5.34722253988237e-05,1.42936871250711,5.34722253988237e-05,-1.31308709970733,1.06392639877858e-10,8.09169710630684e-10
Q99K01,sp|Q99K01|PDXD1_MOUSE Pyridoxal-dependent decarboxylase domain-containing protein 1 OS=Mus musculus OX=10090 GN=Pdxdc1 PE=1 SV=2,Pdxdc1,Pyridoxal-dependent decarboxylase domain-containing protein 1,,,26.0173181277001,,,,,,,,,,,,24.8683482566653,24.9054994502464,,,,,,,24.8727972880383,25.0558104037855,,,,,,,,24.8827220966507,,,,,-1.09170427801617,0.0006096402233471,0.0011497993918274,-1.09170427801617,0.0011497993918274,-0.0428917530331496,0.785281566732907,0.8292973488173
Q99KP6,sp|Q99KP6|PRP19_MOUSE Pre-mRNA-processing factor 19 OS=Mus musculus OX=10090 GN=Prpf19 PE=1 SV=1,Prpf19,Pre-mRNA-processing factor 19,,,,,,22.2807501485265,,,,,,,22.8464762979861,24.0746037430488,,24.8034925901301,24.2505179633209,24.2075247783126,,24.9063386149193,23.4721483684951,24.8099001431882,24.2704675767499,,22.8539303220043,,24.7955393676758,,,,,23.1870942547922,24.5948468308726,,,,1.90163541549027,0.0233183563290185,0.034841699408116,1.90163541549027,0.034841699408116,-0.324532870180509,0.456391952921532,0.54793472696879
Q99LC8,sp|Q99LC8|EI2BA_MOUSE Translation initiation factor eIF-2B subunit alpha OS=Mus musculus OX=10090 GN=Eif2b1 PE=1 SV=1,Eif2b1,Translation initiation factor eIF-2B subunit alpha,,,,,,24.0917105743889,24.2135841670972,24.0397345913926,,,,,,,,,,,,,,,,22.7684006392881,,,,,,22.994295886872,,,,,,,-1.34660913833817,0.0009305596389153,0.0017110290134894,-1.34660913833817,0.0017110290134894,0.22589524758391,0.321963799564285,0.411577470838538
Q9D1X0,sp|Q9D1X0|NOL3_MOUSE Nucleolar protein 3 OS=Mus musculus OX=10090 GN=Nol3 PE=1 SV=1,Nol3,Nucleolar protein 3,26.2106069636132,25.9909231052384,26.4081483117638,26.3116191133323,26.2476715735096,26.1165871688273,26.3010699358182,26.2218455506551,26.1725411333698,26.1513857090924,26.2121951168677,26.2783582457163,26.5790998134377,26.421181248083,26.3760314201905,26.4770394532649,26.4995967425134,26.4689813730633,26.3548272913837,26.3606996728271,26.7085632156551,26.6400981703599,26.3598683638284,26.3932110122845,26.3911329724447,26.066178539482,26.5555566995882,26.2617853065663,26.1355092541569,26.3586801601994,26.3859780208231,26.2089926487598,26.4752366584129,25.9113151417431,26.3171560312002,26.1326563828766,0.251353820757284,0.0001268109615197,0.0002616113535909,0.251353820757284,0.0002616113535909,-0.203251663386521,0.0013511052130821,0.0033998319207866
Q9DCM0,"sp|Q9DCM0|ETHE1_MOUSE Persulfide dioxygenase ETHE1, mitochondrial OS=Mus musculus OX=10090 GN=Ethe1 PE=1 SV=2",Ethe1,"Persulfide dioxygenase ETHE1, mitochondrial",24.5039018035654,24.7125534678964,25.0991506568261,24.7824989728185,25.482516575092,25.17828632719,25.1054451658096,,25.0708964401537,25.0132813294472,25.1757747284748,24.8369090292197,,,,,,,,,,24.0230318508409,,,24.7285250850474,24.5092311971272,24.112659081277,24.3507845093582,24.144221749841,,24.5484883852999,24.1786652238082,23.945780277383,25.0387506304852,24.5467953166248,24.2790552028316,-0.973442194294858,0.0033086220026655,0.0056202751237331,-0.973442194294858,0.0056202751237331,0.375418754530308,0.217682982823239,0.295592453334095
Q9EQS3,sp|Q9EQS3|MYCBP_MOUSE c-Myc-binding protein OS=Mus musculus OX=10090 GN=Mycbp PE=1 SV=5,Mycbp,C-Myc-binding protein,23.7103010169013,22.9954305969972,,23.5880742605875,23.7607708380952,,,23.6554540298691,24.1067946566108,23.2419297159054,,,23.5739459807784,24.333279918296,23.9729272074748,23.814783008881,,23.837476033177,,23.7697055863412,24.0823325768373,24.3337252607164,,23.74081487861,23.8563240730999,,23.5773006504929,23.7804787047016,,24.0238566007388,,,24.2510131617937,24.2129792043023,24.070119053504,23.6321875395658,0.360065668620393,0.0191068486075492,0.0292882868595798,0.360065668620393,0.0292882868595798,-0.0143554543764637,0.917954143404874,0.937172395175666
Q9EST5,sp|Q9EST5|AN32B_MOUSE Acidic leucine-rich nuclear phosphoprotein 32 family member B OS=Mus musculus OX=10090 GN=Anp32b PE=1 SV=1,Anp32b,Acidic leucine-rich nuclear phosphoprotein 32 family member B,,,,,,23.9686207508771,,,,,,,24.5448358644703,25.2169863253942,,25.735070700611,,25.6770409213348,25.0189777167067,25.6315852370657,24.9354350086219,25.1654594241798,,25.6433694740454,,,,24.3946964296183,,,,,,,,,1.31679710161513,0.0072445052640598,0.0117981942871832,1.31679710161513,0.0117981942871832,-0.890721422873895,0.0468255162712527,0.0797910647253206
Q9JK92,sp|Q9JK92|HSPB8_MOUSE Heat shock protein beta-8 OS=Mus musculus OX=10090 GN=Hspb8 PE=1 SV=1,Hspb8,Heat shock protein beta-8,,,,,24.1857471895753,,,,,,,,24.7115032992984,24.7211041788454,24.7122133173868,25.1127559591409,25.6557195699652,24.8714367213473,25.4710287219102,25.4337359762955,25.5115093617143,25.2139086693962,25.4604376246914,25.5363270111068,,24.0015655769237,,23.8469741164885,,,24.1827887615995,23.8048016582592,,,,,1.0152261780162,0.0065721042992109,0.0107600728898784,1.0152261780162,0.0107600728898784,-1.24194083927382,3.46507474564383e-06,1.40124242153109e-05
Q9R0P9,sp|Q9R0P9|UCHL1_MOUSE Ubiquitin carboxyl-terminal hydrolase isozyme L1 OS=Mus musculus OX=10090 GN=Uchl1 PE=1 SV=1,Uchl1,Ubiquitin carboxyl-terminal hydrolase isozyme L1,,23.403370183747,,,,,,,,,,,24.9515469266626,26.0455889504681,25.588387866885,25.7706422207792,24.9003455605147,25.9728068131847,25.691995120419,25.8926895932015,25.0850207393389,25.9655870844882,25.7759183972516,25.7647000265787,24.9221812078655,24.3439362060015,25.2246012214538,,24.5131916686571,24.9233695486415,24.2660947834383,25.0527650774389,25.1179202297255,25.098364756792,25.3031700637023,25.2507647987204,2.21373225790066,8.35575032419161e-06,1.99372089130711e-05,2.21373225790066,1.99372089130711e-05,-0.706524299607995,0.0001492369620538,0.0004466333629697
Q9WV55,sp|Q9WV55|VAPA_MOUSE Vesicle-associated membrane protein-associated protein A OS=Mus musculus OX=10090 GN=Vapa PE=1 SV=2,Vapa,Vesicle-associated membrane protein-associated protein A,26.3222302197259,25.7393789798545,26.3417967750974,26.3958947711807,26.3749517260309,25.862052135419,25.8674243809309,26.3373391570798,26.356954372066,,26.0066721650742,26.2952596832379,26.6209557884609,26.5212408071096,26.5038392228849,26.4279231692948,26.4940086465211,26.3941325882742,26.0654923162136,26.3372902856119,26.5980912263483,26.478188516611,26.4116312193794,26.2926475638197,26.3578121574594,26.0678452203288,26.3250386304679,26.0333302711172,26.0813267163095,26.2834382894619,26.3575592406657,26.4680231209224,26.3904787544035,26.0018251885778,25.9615260393872,25.8072519757401,0.256063655056479,0.0049014781603923,0.0081726705187907,0.256063655056479,0.0081726705187907,-0.250832145473996,0.0048412096271683,0.0105893477069197
Q9Z2U0,sp|Q9Z2U0|PSA7_MOUSE Proteasome subunit alpha type-7 OS=Mus musculus OX=10090 GN=Psma7 PE=1 SV=1,Psma7,Proteasome subunit alpha type-7,26.7352153905468,26.6814874096102,26.6353830260573,26.859509938934,26.4255117889549,26.4537001707041,26.581980356602,26.3065108580795,26.477418842053,26.5853170827887,26.6465223485767,26.8155702525582,27.0285278374932,26.7086965634553,26.8090356657766,26.8613571390394,27.0932940637492,26.5414457140307,27.0174834700264,26.8281942256735,27.0086848982136,26.8182422806137,26.835662066154,26.7064379697613,26.8124983174774,26.7903771087359,26.8389160255938,26.9110943628383,26.7436020192562,27.0199060385143,26.8617734760061,26.7674833927267,26.8987084436202,26.6571621502529,26.7342413591279,26.6914037266739,0.254411202376808,0.0001578706180012,0.0003218051405349,0.254411202376808,0.0003218051405349,-0.0441579560969423,0.467656585256372,0.555952981491838
