Protein Annotation,Unnamed: 1,Unnamed: 2,Unnamed: 3,180808_AM_Ech26_rep1,180808_AM_Ech26_rep2,180808_AM_Ech26_rep3,180808_AM_Ech27_rep1,180808_AM_Ech27_rep2,180808_AM_Ech27_rep3,180808_AM_Ech28_rep1,180808_AM_Ech28_rep2,180808_AM_Ech28_rep3,180808_AM_Ech29_rep1,180808_AM_Ech29_rep2,180808_AM_Ech29_rep3,180808_AM_Ech30_rep1,180808_AM_Ech30_rep2,180808_AM_Ech30_rep3,180808_AM_Ech31_rep1,180808_AM_Ech31_rep2,180808_AM_Ech31_rep3,180808_AM_Ech32_rep1,180808_AM_Ech32_rep2,180808_AM_Ech32_rep3,180808_AM_Ech33_rep1,180808_AM_Ech33_rep2,180808_AM_Ech33_rep3,180808_AM_Ech34_rep1,180808_AM_Ech34_rep2,180808_AM_Ech34_rep3,180808_AM_Ech35_rep1,180808_AM_Ech35_rep2,180808_AM_Ech35_rep3,180808_AM_Ech36_rep1,180808_AM_Ech36_rep2,180808_AM_Ech36_rep3,180808_AM_Ech25_rep1,180808_AM_Ech25_rep2,180808_AM_Ech25_rep3,logFC,adj.P.Val,logFC_Patho,P.Value_Patho,adj.P.Val_Patho,logFC_Rescue,P.Value_Rescue,adj.P.Val_Rescue
A2AUC9,sp|A2AUC9|KLH41_MOUSE Kelch-like protein 41 OS=Mus musculus OX=10090 GN=Klhl41 PE=1 SV=1,Klhl41,Kelch-like protein 41,30.710053754819143,30.77704431624286,30.804649752297657,30.69502759881826,30.79033115251157,30.76469217828969,30.904020639111444,30.94285892281433,30.903939115765624,30.700489589644143,30.826397830429315,30.83385878631204,30.974839186213963,31.000589610912996,30.993713097946763,30.97836795066285,31.003366337818584,31.09099006454909,31.060957582984955,31.03651411228549,31.03581831869682,31.264862715002728,31.29942413129519,31.21348549910533,30.935425590483227,30.95259385341462,30.91058006125132,30.768269690627445,30.78249586963541,30.836288090732275,31.146789208663293,31.120667702148936,31.17281571793444,31.16801372512467,31.185018197546423,31.15953315452978,0.2749637475348976,3.000540966372574e-06,0.2749637475348976,9.06674315381362e-07,3.000540966372574e-06,-0.0678698121152479,0.2523347843886322,0.3735136800217233
G5E829,sp|G5E829|AT2B1_MOUSE Plasma membrane calcium-transporting ATPase 1 OS=Mus musculus OX=10090 GN=Atp2b1 PE=1 SV=1,Atp2b1,Plasma membrane calcium-transporting ATPase 1,,24.841581297758182,24.484523996262958,,24.56835529717255,,24.406149352294943,,,24.534955375394865,,24.065865856204542,24.83007429903083,24.48596872192141,24.63149239016292,25.14241835542962,24.86685447863783,25.21290167034081,25.187479737085415,25.338941199593563,24.23764205616041,24.552033111987654,24.86151205171308,25.06416453309368,24.17762484575173,24.652758942406933,24.456862332468614,24.743700847304275,24.485890497922306,24.440921204250355,24.34022701464073,24.317086967148104,,24.10988152274225,,,0.3840516879150932,0.0330174381137697,0.3840516879150932,0.017804060952834,0.0330174381137697,-0.4537397532480689,0.0012502954871276,0.003435444939401
O09061,sp|O09061|PSB1_MOUSE Proteasome subunit beta type-1 OS=Mus musculus OX=10090 GN=Psmb1 PE=1 SV=1,Psmb1,Proteasome subunit beta type-1,25.718258844344764,26.017886356501837,25.99706668156812,25.949150739175376,25.88401203444702,26.180618088989192,26.022020959653062,26.22595585838725,26.011941537364816,26.213293457676755,26.254978848552746,26.061243457380677,26.18729328289094,26.447877604582025,26.483086276091974,26.27323560525179,26.273852259400368,26.480490744871908,26.32754356700291,26.351362865952773,26.280554091107707,26.51969753226124,26.470906149541367,25.98414864696617,26.390510434541905,26.21154872362604,26.394645712787863,26.246152185535127,26.445947193168568,26.46603112297488,26.17531263084649,26.38480217807216,26.29759725100477,25.88083040177124,25.9241239556102,25.873039737622307,0.2953018134899672,0.0003122504205999,0.2953018134899672,0.0001258037309484,0.0003122504205999,-0.1157922581966346,0.1495745230431564,0.240062040362407
O35215,sp|O35215|DOPD_MOUSE D-dopachrome decarboxylase OS=Mus musculus OX=10090 GN=Ddt PE=1 SV=3,Ddt,D-dopachrome decarboxylase,25.96213646130812,26.045497853123965,25.90845541958033,25.924265468887377,25.89553034629608,26.003382891324524,26.02177181103991,25.83260161783867,25.973677893072637,26.02009907136198,26.082430155864387,26.184790253663653,26.181585546255093,26.28387504503436,25.84520014451032,26.302289406495976,26.312226479170423,26.34240472340778,26.350878323686697,26.254436181715008,26.259669153795425,26.6640083559318,26.626782007505486,26.59301781949059,26.056737731409346,26.11177062504928,26.047567010124855,26.3264402362616,26.03899148411061,26.199689171647368,26.22114890324275,26.11312253048434,25.980418373159385,26.062477553210464,26.05033335476945,26.01986790679847,0.3468111619697787,0.0001417075308754,0.3468111619697787,5.385990182967814e-05,0.0001417075308754,-0.2323173588942495,0.0031642576704916,0.0078974597692687
O35593,sp|O35593|PSDE_MOUSE 26S proteasome non-ATPase regulatory subunit 14 OS=Mus musculus OX=10090 GN=Psmd14 PE=1 SV=2,Psmd14,26S proteasome non-ATPase regulatory subunit 14,25.03962563808833,24.8508591113462,24.74269566350711,24.652862345299752,24.83120006185709,,24.36484000189216,24.68255531097467,24.72079713031725,,24.6225298419352,25.15393238036993,25.211106553273368,25.32148975800021,25.225483926275743,25.089785985625426,24.33398353517079,25.34646091156844,25.230470902274373,25.053116662568733,24.845402970472914,25.179012318151216,25.506742951566093,25.282410957490665,24.47458342747163,24.95760058655599,24.83891338362452,24.68526264684508,24.851887657846014,24.649035361019457,25.174708858777837,25.08561499733192,25.342397284232423,24.921302055825148,24.977342305696325,24.859820486692787,0.3692658708110627,0.0073093330281735,0.3692658708110627,0.0035590797994723,0.0073093330281735,-0.2339165317099052,0.0458144103871994,0.0866615741745235
O55131,sp|O55131|SEPT7_MOUSE Septin-7 OS=Mus musculus OX=10090 GN=Sept7 PE=1 SV=1,Sept7,Septin-7,25.892996305390746,25.476381647202523,25.30068431606134,25.627183851511628,24.195549679983888,25.75931223309128,25.26058682516902,25.192308237873167,25.296127538260627,25.283809519342437,25.66712096771996,25.46125470400588,26.17655468674069,26.07270050533286,26.17297914608796,26.17065821217572,26.187149544499924,26.140536155848032,26.18487767374671,26.061506394592843,26.166069320848024,26.258099770934457,26.160342762405712,26.20950348215848,26.093596196004324,26.067252971837984,25.890743628059816,26.065941292723128,26.11988761002062,26.18730222516042,26.17805386920838,26.084136422727763,26.11954308661035,26.119899535585663,25.87556998003971,26.20006754714268,0.7956384858132495,6.745016197642871e-06,0.7956384858132495,2.162008530797047e-06,6.745016197642871e-06,-0.0799152741875524,0.0268933093740597,0.0546070925934298
O55234,sp|O55234|PSB5_MOUSE Proteasome subunit beta type-5 OS=Mus musculus OX=10090 GN=Psmb5 PE=1 SV=3,Psmb5,Proteasome subunit beta type-5,27.144463362515637,26.47428529233396,26.353091778552056,26.70774357843512,26.571906460883756,26.605317096188287,26.62653146688188,26.487087134316656,26.44180892155667,26.58278004248429,26.61930343328431,26.41934983911468,26.972960204800568,26.992536471628743,26.967174973561587,27.04049788401555,26.85229754454652,26.969325798515424,26.73649332669753,26.85398414473041,26.719822238004955,26.97040088068972,26.78254765960212,27.00281065485193,26.684210333981028,26.62831890229038,26.471686183416747,26.829355626984796,26.713897713086517,26.667216923428647,26.75497894886651,26.77346581595854,26.788562914952745,26.61206491312673,26.7955979585814,26.6513870286029,0.3189319479248205,0.0002339949668052,0.3189319479248205,9.258231574766284e-05,0.0002339949668052,-0.2075090431973443,8.518434825745514e-05,0.0003049328163718
O70435,sp|O70435|PSA3_MOUSE Proteasome subunit alpha type-3 OS=Mus musculus OX=10090 GN=Psma3 PE=1 SV=3,Psma3,Proteasome subunit alpha type-3,25.919615836758062,25.32818719148611,25.563806155308747,25.819541414759293,24.98482851911662,25.001993392596493,25.075893483719,25.175785900324165,25.33640735505408,24.89106960734742,24.80082537188682,24.676698404102225,26.15464673196808,26.088024261987396,25.71847288832944,25.52669183986703,25.601412858066123,25.387422899403305,25.310132585858387,25.66917301661995,25.725568597550826,25.23758734180698,25.393592889257167,25.06476071271326,26.027182542303034,25.540450150975783,25.440987946010228,25.283966574587428,25.77822666213953,26.00633575210879,25.255382615608383,25.54478487725922,25.42765953046512,25.599246040992984,25.557235639149948,25.59751193281136,0.3585694992474089,0.0424901881708355,0.3585694992474089,0.023479553062682,0.0424901881708355,0.0151236367486546,0.8988672836777252,1.0
O88456,sp|O88456|CPNS1_MOUSE Calpain small subunit 1 OS=Mus musculus OX=10090 GN=Capns1 PE=1 SV=1,Capns1,Calpain small subunit 1,26.77689349846795,26.78428700572838,26.72721745417801,26.67942858860771,26.94004606936135,26.84533941154653,26.708925354824316,26.797883957770832,26.73743181219856,26.85581827023646,26.84203687222807,26.738765078127223,27.198276774854047,27.132915317483167,26.97423425829125,27.00723159481329,26.95990124605577,27.018737992640503,27.04518664721709,27.03748781818813,27.17789363619432,27.155066311035316,27.124770718075062,27.216227255588358,26.856649054861084,26.7475958999068,26.751836996830587,26.841326241256223,26.696036171731496,26.807033608331057,27.14949202002172,27.29580993386167,27.014914005236463,26.850590125438096,26.87899060716966,26.722477784423635,0.3011546830967404,4.0410202532605245e-08,0.3011546830967404,9.242400245353788e-09,4.0410202532605245e-08,-0.2029314267806512,0.0022251681441343,0.00575342036692
O88487,sp|O88487|DC1I2_MOUSE Cytoplasmic dynein 1 intermediate chain 2 OS=Mus musculus OX=10090 GN=Dync1i2 PE=1 SV=1,Dync1i2,Cytoplasmic dynein 1 intermediate chain 2,26.645439236175896,26.416097447452167,26.2150586477839,26.47197521298245,26.36953680647061,26.43970401602137,25.84247253983245,26.50292606318287,26.416879190221355,26.483499824413936,26.393133032801693,26.48985717517957,26.642464368363136,26.63864052753615,26.705763788229536,26.70883574712201,26.568310692221043,26.741193747394156,26.58515288337844,26.626404959101965,26.34607971905236,26.722641381538228,26.69333767589932,26.835657004573317,26.743621488980203,26.690513663897725,26.03831225596529,26.32975627915249,26.361048770406207,26.515656359933992,26.74675494499628,26.208387530972395,26.46190260596842,26.286980746421158,26.344075347162583,26.491368120460283,0.260658608490953,0.0018560846931791,0.260658608490953,0.0008263037031403,0.0018560846931791,-0.2163420316743902,0.0065145097748337,0.0151639560432335
P06797,sp|P06797|CATL1_MOUSE Cathepsin L1 OS=Mus musculus OX=10090 GN=Ctsl PE=1 SV=2,Ctsl,Cathepsin L1;Cathepsin L1 heavy chain;Cathepsin L1 light chain,,,23.722003516298848,23.59090307715197,,,,23.351370169217173,23.27002866686365,23.879562137030703,23.898675943339864,24.187569977070225,23.895270861900496,,24.20721183533305,24.192093137313915,23.97932204952262,24.304227685465985,24.203949290338823,,24.01254294360011,23.88334661613111,,24.201230701823807,24.218551896134574,24.366002763730357,24.570617525685964,,,,,,,24.168409748354136,24.130086998373,,0.3976721344009171,0.0315516007917548,0.3976721344009171,0.0168731710411109,0.0315516007917548,0.1930454396300582,0.0818785966609286,0.1438277988266752
P06909,sp|P06909|CFAH_MOUSE Complement factor H OS=Mus musculus OX=10090 GN=Cfh PE=1 SV=2,Cfh,Complement factor H,,,,25.167811114357107,,25.171119717496108,,,,,,,25.36834585849371,25.98466426712885,25.916528184347836,25.521014832652558,25.22416552335164,25.632887506384314,25.296801650930902,25.044518907664965,,25.528883204441875,25.30102677052109,25.20415592650928,25.13892918390032,24.757534020533303,25.21773382380054,24.980863099857142,24.655210674132828,24.891173396113256,25.124054028353328,,24.878154589740827,,,24.82921608372524,0.287170277930393,0.0181181758089823,0.287170277930393,0.009205283535671,0.0181181758089823,-0.5152058160618047,0.0001946449510198,0.00064582465094
P10639,sp|P10639|THIO_MOUSE Thioredoxin OS=Mus musculus OX=10090 GN=Txn PE=1 SV=3,Txn,Thioredoxin,27.7036289998479,27.85155503288994,27.981867773067098,27.70826757555007,27.80986108612199,27.85691498881861,27.72003763976993,28.047713061999264,27.72386293847372,27.989063906960727,28.329593950387544,27.98834499913996,28.220744338628645,28.179071727874152,28.088334379218526,28.336120216349624,28.33419928462773,28.38715165115746,28.09780776604504,27.9900439936826,28.09244516466218,28.22514923283768,28.181071684363857,28.20432728349444,27.49264310072148,27.16980232137611,27.515322931498147,27.463513900145102,27.645471453287765,27.67947053771111,28.40378616541877,28.80487290310722,28.40491702296618,27.592709831568307,27.899277497335223,27.71716118704787,0.3021462308262563,0.0002355992801646,0.3021462308262563,9.334818446146727e-05,0.0002355992801646,-0.3789598225632211,0.0142050222840999,0.0310163123262789
P10852,sp|P10852|4F2_MOUSE 4F2 cell-surface antigen heavy chain OS=Mus musculus OX=10090 GN=Slc3a2 PE=1 SV=1,Slc3a2,4F2 cell-surface antigen heavy chain,22.775265695070456,,,,,,,,,,22.71414617579857,,23.817201686542194,,,23.579311295143278,23.26672269345466,23.230964491690905,23.222235605229294,23.05765238892057,,22.80851857507323,22.945993877095805,23.00599285231254,,,,,22.762900940606468,22.832604492077017,22.860737560918626,,,,,,0.4702488940613172,0.0045383935154532,0.4702488940613172,0.0021239782673879,0.0045383935154532,-0.3962071649617975,0.00557178644408,0.0132091032190129
P11499,sp|P11499|HS90B_MOUSE Heat shock protein HSP 90-beta OS=Mus musculus OX=10090 GN=Hsp90ab1 PE=1 SV=3,Hsp90ab1,Heat shock protein HSP 90-beta,31.347526072103136,31.34191645749525,31.32000883685513,31.3801149687213,31.40605783642236,31.451884004443283,31.175584146262864,31.17793292773562,31.20568089480163,31.171041249321032,31.169729989935195,31.20003644807144,31.570579385519466,31.55909872505565,31.53226020554902,31.658048311236985,31.62189751200161,31.678479862652807,31.66883811018042,31.595647139762868,31.662774395207062,31.732669498206928,31.786226591504956,31.70702654236344,31.413269619229645,31.42166143020693,31.37485647452171,31.38422108347842,31.366628370669723,31.38718902528461,31.681965259328823,31.62444151411024,31.63333514763492,31.53239899423958,31.61692256062778,31.614721604067757,0.3688360372560808,7.610495018666694e-09,0.3688360372560808,1.571226294894459e-09,7.610495018666694e-09,-0.1434945996534224,0.0023264388928928,0.0059980067295959
P11531,sp|P11531|DMD_MOUSE Dystrophin OS=Mus musculus OX=10090 GN=Dmd PE=1 SV=3,Dmd,Dystrophin,28.80571533725572,28.746101318123998,28.660375850675678,28.759223307880543,28.810131735225287,28.758850340867053,28.83034240829356,28.841932853979507,28.83388764605197,28.96124214144124,28.91895587306997,28.932691448860883,29.178307211350003,29.26449507793001,29.15938132360632,29.128470041076145,28.92196359616564,29.04709448636045,29.085927541702773,29.02686645653602,29.11289909888825,29.129532063707945,29.22611917271716,29.17114468996225,28.82796149706852,28.760921896388396,28.741814184364323,28.805704612344275,28.79093470256345,28.97559499698962,29.02816203692835,28.83903032891397,28.926207785055578,28.994081373413945,28.998422359597345,28.943407383241308,0.2993958748564616,1.5495118346268777e-07,0.2993958748564616,3.9406060568975134e-08,1.5495118346268777e-07,-0.234996466927825,6.122021504052431e-06,2.872394945896141e-05
P14211,sp|P14211|CALR_MOUSE Calreticulin OS=Mus musculus OX=10090 GN=Calr PE=1 SV=1,Calr,Calreticulin,28.638077896185656,28.609255936082093,28.573377149755625,28.44744495921653,28.57140982386853,28.569433603290896,28.39421714196255,28.5020143595088,28.533882901426068,28.52936912685232,28.57513421280508,28.630431265432208,28.82629011861737,28.810881223915263,28.749993560566672,28.98407877470924,28.8263658793263,28.94869175966195,28.671728251689643,28.64378922328312,28.658985119124363,28.975446212437824,28.93248460535834,29.0500929529762,28.66118215389389,28.53043037188081,28.47257138423477,28.86763367119971,28.86791275418976,28.874819675992992,28.69375400679684,28.530474257716,28.65952656557146,28.56610116612655,28.579368172136505,28.460693728262985,0.2920649421066592,5.374498274711428e-06,0.2920649421066592,1.6957932786652087e-06,5.374498274711428e-06,-0.1928633144719995,0.0037644312578653,0.0091911453401957
P19157,sp|P19157|GSTP1_MOUSE Glutathione S-transferase P 1 OS=Mus musculus OX=10090 GN=Gstp1 PE=1 SV=2,Gstp1,Glutathione S-transferase P 1;Glutathione S-transferase P 2,29.336220287223973,29.33473488549316,29.29052792565216,29.263076560726866,29.29352530459297,29.312972572998536,29.308812936242308,29.313867934170485,29.209654309220756,29.39755537082417,29.300483514353505,29.29926880281487,29.588102645845467,29.54852904832175,29.450744452498608,29.522816800648183,29.48016216212333,29.5281194976052,29.66058434967791,29.582723660516542,29.64502447236489,29.59070050154898,29.53630015728495,29.56654911607876,29.149413718744327,29.05121884785404,29.0608887465018,29.24122355578321,29.2999475139819,29.33185817480078,29.505612551773385,29.39313463522869,29.497094745262228,29.085039316591523,29.09457340667944,29.09134471704788,0.2533047050167276,4.5651905279251325e-10,0.2533047050167276,7.477606744136642e-11,4.5651905279251325e-10,-0.3249172445221084,2.6792685636281502e-06,1.3875059391469124e-05
P23953,sp|P23953|EST1C_MOUSE Carboxylesterase 1C OS=Mus musculus OX=10090 GN=Ces1c PE=1 SV=4,Ces1c,Carboxylesterase 1C,27.305593667216403,27.420358780430515,27.474993881469626,27.21339274111453,27.1110820524379,27.075865645126047,26.887379556645215,26.773535676974152,26.80776018071527,27.159804329111143,27.222823996412345,27.26958930569256,27.614478901749635,27.73840014207767,27.803861844654865,27.250955246837425,26.953399073858048,27.16381091856483,27.601760334158797,27.31408555019586,27.447987225122365,27.632210840453133,27.5809474944154,27.74203517196644,27.99003693609989,27.7777429573126,27.527686910859945,28.162037385383204,27.69623438496817,27.737938161507905,27.036317514218293,26.92863462081857,27.05891460554833,27.45612092828139,27.61888501729404,27.488636726685236,0.3434794108923995,0.005096950800571,0.3434794108923995,0.002405238886413,0.005096950800571,0.0529377837435873,0.6953011537930596,0.8593233654512572
P27048,sp|P27048|RSMB_MOUSE Small nuclear ribonucleoprotein-associated protein B OS=Mus musculus OX=10090 GN=Snrpb PE=1 SV=1,Snrpb,Small nuclear ribonucleoprotein-associated protein B;Small nuclear ribonucleoprotein-associated protein N,24.2091331201434,24.27118216817176,24.51064235943688,,,,,,24.73666353577628,,,,,24.9196238144279,,24.648722973038318,,24.808972523326705,24.75121676518872,,24.921672827439902,,25.169573665820906,,,,,,,,,24.971058722597757,25.183486545684055,24.33771814578786,24.570561578920383,24.571120349128982,0.438058465658333,0.045589956156187,0.438058465658333,0.0253700368147952,0.045589956156187,-0.1431746931166024,0.4322430502180279,0.5848838810599994
P35278,sp|P35278|RAB5C_MOUSE Ras-related protein Rab-5C OS=Mus musculus OX=10090 GN=Rab5c PE=1 SV=2,Rab5c,Ras-related protein Rab-5C,25.093537503589964,24.9981559332999,24.951660488345592,24.966403924462284,24.275919104836905,24.952564505925167,25.1212133505826,24.56624184061133,25.283487858079567,24.67933683385685,24.343534461865296,25.18353190640473,25.00043513103784,25.08351220859691,25.12320493458631,25.266072007905034,25.19146208099915,25.47621910791265,25.15400363764797,24.947206919523182,24.81674333855497,25.600975286798626,25.36638242271116,25.323610036179257,25.146579634433383,24.669183465097987,25.21542497132618,24.99361638542538,25.2062629573986,25.365034421278605,24.9890843100386,24.94218035270784,25.13539225748301,24.87500743633521,24.70153761362484,25.28552516489946,0.3278532833827476,0.0180056376273391,0.3278532833827476,0.0091380865420886,0.0180056376273391,-0.1520831785336689,0.1090851986500674,0.1835450393016583
P35564,sp|P35564|CALX_MOUSE Calnexin OS=Mus musculus OX=10090 GN=Canx PE=1 SV=1,Canx,Calnexin,27.5555800826422,27.20504072876629,27.409690224437945,27.483286066429088,27.402522244576275,27.331174871495172,27.35610492681805,27.17928805101257,27.15518700475102,27.27876679050356,27.24820179167432,27.326839631194904,27.586419864108745,27.69985256158845,27.62593309092309,27.595667366055864,27.52609989054575,27.541882403426797,27.51910553892739,27.51164660912472,27.53491890218244,27.90388568630995,27.72415932767488,27.927892842458608,27.354477567785118,27.46641092712241,27.377718334699317,27.573198144571435,27.574859702460717,27.5904507843554,27.496856536381568,27.582606767676296,27.560527995530997,27.527785633819796,27.16172374887115,27.38004610121986,0.3138151390854382,2.753983201887672e-05,0.3138151390854382,9.471127539046084e-06,2.753983201887672e-05,-0.1709001532360474,0.0061039671810537,0.0143759227055748
P42669,sp|P42669|PURA_MOUSE Transcriptional activator protein Pur-alpha OS=Mus musculus OX=10090 GN=Pura PE=1 SV=1,Pura,Transcriptional activator protein Pur-alpha,24.46129840877837,24.54322920337461,24.425253080709812,,24.52527967967561,24.852544994629422,24.94750892140616,24.75403761679145,24.41991338464921,24.894116677912702,25.022481688196983,24.665379249492936,25.25466545765188,25.10208288614693,24.994433304680413,24.88687395589797,25.30985886036658,25.32125496470844,,25.13388797474765,25.425849799077223,24.85939021495167,25.088319191294254,24.40819241622142,24.69270344008692,24.5623385108659,24.63049801941281,24.80591032736764,24.85454228573209,24.842818125955063,24.31740023019571,24.82631444109088,25.095496014545247,24.82698790054432,,24.867702583264656,0.3885241927388314,0.0041186453948538,0.3885241927388314,0.001909199562556,0.0041186453948538,-0.3147361042439272,0.0071704676894657,0.0165834368571042
P45591,sp|P45591|COF2_MOUSE Cofilin-2 OS=Mus musculus OX=10090 GN=Cfl2 PE=1 SV=1,Cfl2,Cofilin-2,29.88637502666974,29.873073929577124,29.897937372738287,29.795214126904373,29.74765221439505,29.78456583386216,30.05603781374336,30.050833528336693,29.98529194934133,29.790995534625768,29.905112497958235,29.87492268301999,30.28978644916709,30.34589657078857,30.343963271996277,30.18512397676093,30.227463294188556,30.26304008135912,30.22757059470898,30.188217471653555,30.1601389911067,30.090065895073085,30.11509687024605,30.070100425493063,30.081755475513084,30.129445088688804,30.000873511942302,30.13785174276619,30.075985493761245,30.232940977443757,30.08557117196383,30.16765992838465,30.000683949642877,30.000386603568373,29.97131346548689,29.87286898090529,0.3215376151141633,1.7362765489035033e-07,0.3215376151141633,4.454220862796411e-08,1.7362765489035033e-07,-0.1457606252062326,0.0011177686421166,0.0031045289797274
P47758,sp|P47758|SRPRB_MOUSE Signal recognition particle receptor subunit beta OS=Mus musculus OX=10090 GN=Srprb PE=1 SV=1,Srprb,Signal recognition particle receptor subunit beta,,23.91285203905865,23.945410407221072,,24.403845869308007,23.821033273571267,23.86875322272332,24.235403556531303,24.17734398011644,24.21277584585776,24.10153683410035,24.19583933210386,24.471004576891687,24.5431113399215,24.183122777169164,24.530193528578582,24.60967801565565,24.337721437049733,24.508887794618804,23.856951512186857,24.721217398062045,24.23092394247151,24.535413324577924,,24.51303132507798,24.028915445167403,24.117051797470857,24.51385271096943,,24.45192964087548,24.512347618124068,24.49114014483437,24.35288587940662,23.937494883826112,24.070931421736788,24.344052078442303,0.3241774409574773,0.0062099655407253,0.3241774409574773,0.0029857597257577,0.0062099655407253,-0.1085993364774644,0.2869694250060502,0.4168828267872856
P49586,sp|P49586|PCY1A_MOUSE Choline-phosphate cytidylyltransferase A OS=Mus musculus OX=10090 GN=Pcyt1a PE=1 SV=1,Pcyt1a,Choline-phosphate cytidylyltransferase A,23.165742283322533,23.54150511178467,,,23.444023748849965,23.51887453606239,23.446989284865303,23.446056321910103,,,23.77473469680158,23.6238675568816,23.8166738262162,23.709678833227883,23.83681846878893,,23.736121165906265,,23.840980511202822,23.71216138229543,24.136329599996746,23.77935258768165,,23.84220933423244,,,23.46657264361333,23.61014877561041,,23.73597268279337,,23.483469308048623,23.8552682157002,,,,0.3281453307233839,0.0017946226678444,0.3281453307233839,0.0007979429669491,0.0017946226678444,-0.1930831981299654,0.0608055153598968,0.1114974603078924
P50396,sp|P50396|GDIA_MOUSE Rab GDP dissociation inhibitor alpha OS=Mus musculus OX=10090 GN=Gdi1 PE=1 SV=3,Gdi1,Rab GDP dissociation inhibitor alpha,25.907905987058086,25.7142204680072,25.92166022647095,25.96835201889563,25.771521862825622,26.027642545267465,25.9756304965891,25.914115298527506,25.96287865553096,25.94442147241485,25.81521695583397,26.0729674545128,26.086064887434198,26.31298244072415,26.10821771766757,26.145336664201903,26.36852084024599,26.310571895319327,26.20200196128976,26.028454608334467,26.218081928735067,26.403615164196573,26.58045422920014,26.338822955945087,25.84307093109504,25.83481030691749,25.986071832248463,25.827367209237305,25.933068160765117,26.23963429507836,25.89778031825257,25.93100791461635,25.759811949238863,25.685941451643785,26.000254083865112,25.538937411123825,0.3422159876133364,7.649236488417185e-06,0.3422159876133364,2.4603554203144867e-06,7.649236488417185e-06,-0.3854474524343274,1.0194294085775235e-05,4.512105042398546e-05
P50516,sp|P50516|VATA_MOUSE V-type proton ATPase catalytic subunit A OS=Mus musculus OX=10090 GN=Atp6v1a PE=1 SV=2,Atp6v1a,V-type proton ATPase catalytic subunit A,,24.29154684074822,,24.68585473899381,,,,24.43131796169861,24.12475911994865,,23.84117012841054,,24.69097974822244,24.41193669280796,24.50934339941593,25.22938361906174,,25.259612264095644,24.52384916680509,24.74123667720221,24.990604288857472,24.48170989005659,24.90677911452178,24.646885845537188,,24.685104346644103,24.608847383091472,24.87826686289534,,24.27891285953896,24.57758063897435,,24.4397129063324,24.45840703642908,24.601781883152206,24.46962675951948,0.4880084880931257,0.0396222962932644,0.4880084880931257,0.0216743000869665,0.0396222962932644,-0.2075781708778272,0.067442144165544,0.1221804606959275
P51150,sp|P51150|RAB7A_MOUSE Ras-related protein Rab-7a OS=Mus musculus OX=10090 GN=Rab7a PE=1 SV=2,Rab7a,Ras-related protein Rab-7a,26.47986179862401,26.625339186920947,26.4326927622164,26.41991744487905,26.60320198248102,26.547730878645684,26.491390901722976,26.47498048831969,26.59817345747354,26.461415514008795,26.21867730744052,26.43760226563261,26.55635056985116,26.569336989057533,26.66343229052321,26.744937360421297,26.62344307546897,26.87949373519904,26.7647712810246,26.790240260737058,26.9156573818394,26.85887912348404,27.166403091759417,26.99782437670552,26.602128681516668,26.730320973516317,26.60448342072966,26.876772124738952,26.949080676773832,26.92059256610053,26.64937185956425,26.647685796485494,26.674749263489023,26.7376417343289,26.81019902821395,26.774715043555503,0.3116487956421636,0.0001128127478382,0.3116487956421636,4.199873583962321e-05,0.0001128127478382,-0.0460856972548455,0.4712783521465454,0.62778887976823
P59017,sp|P59017|B2L13_MOUSE Bcl-2-like protein 13 OS=Mus musculus OX=10090 GN=Bcl2l13 PE=1 SV=2,Bcl2l13,Bcl-2-like protein 13,25.269997591139436,25.269658043867715,25.444722772890454,24.968417639192698,25.5335205009953,25.083526098380595,25.523685749755963,25.63261308449825,25.508903119701763,25.43103126926217,25.419179868489927,25.332235209887315,25.71227843000004,25.7088257900348,25.86234286781068,25.58797760210942,25.442961216112305,25.71942274035782,25.532880701840902,25.671130505772982,25.57326479578964,25.77900881407574,25.614058634237704,25.473496071570978,25.799588017436943,25.29901481966672,25.43763963548335,25.20648905644537,25.36987302735688,25.198980830051184,25.76968927103528,25.15647035184264,25.68004593356891,25.407955067595225,25.424853034520893,25.45929174739091,0.2716797684709569,0.0011615401303196,0.2716797684709569,0.0005034445470594,0.0011615401303196,-0.205646448109892,0.0092787003516803,0.0210528087524868
P60843,sp|P60843|IF4A1_MOUSE Eukaryotic initiation factor 4A-I OS=Mus musculus OX=10090 GN=Eif4a1 PE=1 SV=1,Eif4a1,Eukaryotic initiation factor 4A-I,27.505102309740195,27.647147917233035,27.71631188807753,27.743140576710395,27.67377640178853,27.697740043544638,27.58694241641076,27.74710310736318,27.794039958043808,27.69973120490453,27.670282973383568,27.698086004923606,27.949075956946185,28.05170584575791,27.99634452094899,28.17734354407835,28.03683780624518,28.086860831973464,27.91643830387585,27.86178587680554,27.82100206542468,28.113261440685715,28.25548354258916,28.13642484879649,27.825702754768013,27.83585164859171,27.870026685161683,27.75239532540577,27.72430212158736,27.814888708514317,27.872234535815675,28.015518324328845,27.78652816821855,27.970625001189276,27.86577180108672,27.75199303277578,0.3519299818336456,1.978288215607486e-07,0.3519299818336456,5.1411274161864e-08,1.978288215607486e-07,-0.1930605397236497,0.0003126982505244,0.000985822379285
P61750,sp|P61750|ARF4_MOUSE ADP-ribosylation factor 4 OS=Mus musculus OX=10090 GN=Arf4 PE=1 SV=2,Arf4,ADP-ribosylation factor 4,25.90081516383108,26.92021577386786,26.98616920882882,26.30532502870749,26.823093342733024,26.835771640155844,26.634564993129302,26.88485145307952,27.02699661548486,26.924712737979704,27.00976725320539,26.97209405738412,26.93077770222744,27.129731964380262,27.114809499617365,27.176894828598847,27.340098301087004,27.37665640299775,26.762404675203427,26.82454854850536,27.08225383506194,27.383016802091973,27.45982288497862,26.625035124315527,26.68609603405086,26.705390333530698,26.71132106143916,26.764377590203203,26.543636570096265,26.71795582182859,26.29946941224603,25.915910691965166,26.24530849708284,27.03253603939688,27.22556940939826,27.188533432536275,0.3318061083898733,0.0273778611957426,0.3318061083898733,0.0144887846394831,0.0273778611957426,-0.4308288062742704,0.0043176393096801,0.0104144937442889
P63085,sp|P63085|MK01_MOUSE Mitogen-activated protein kinase 1 OS=Mus musculus OX=10090 GN=Mapk1 PE=1 SV=3,Mapk1,Mitogen-activated protein kinase 1,24.601589500939006,,24.67031745582779,24.557326447919195,24.903376445130668,24.486160880730008,25.322515165788303,24.55912978503371,24.526523176689924,25.100662864863725,,25.954182915727586,25.08873439807693,25.696428334322658,25.476206179148136,25.27007902859606,,,25.415611938675976,26.096561196492036,24.73898681455765,24.54205381380381,25.739819017523228,26.049621193706127,25.60415319683349,24.28677714169378,25.15090353919765,24.28822068072305,25.452173185441183,25.48006089391417,25.276852966043016,24.943451711108324,24.54864173880513,25.434976211790683,24.68118837490434,25.584028832823623,0.5432317276252654,0.0440904275844901,0.5432317276252654,0.0245110390411272,0.0440904275844901,-0.3504578187170537,0.1232677148980991,0.2051037811776705
P70302,sp|P70302|STIM1_MOUSE Stromal interaction molecule 1 OS=Mus musculus OX=10090 GN=Stim1 PE=1 SV=2,Stim1,Stromal interaction molecule 1,26.79747070650632,26.75403244519955,26.26334213921937,26.41682704659981,26.608744421264216,26.65158703825398,26.562742442255846,26.398869636465665,26.419849572585555,26.563683427931664,26.72122453904674,26.62468263090773,26.79253007793218,27.04010973282016,26.799437992758676,26.733320090389302,26.86764168297541,26.810565521841227,26.84218414367737,26.712586612950425,26.814013943062644,26.95211196143228,26.91744223004116,27.01489299309053,26.85497372864657,26.67226915799705,26.8370199918681,26.8172848561498,26.713767181981165,26.85989756682953,26.638930431711422,26.40040892852072,26.612059525011613,26.58844325887615,26.555936680952573,26.63106892698585,0.2928150780612419,7.57967851003209e-05,0.2928150780612419,2.7627654001508173e-05,7.57967851003209e-05,-0.1762313956200643,0.0020940648738978,0.0054300643266874
P80316,sp|P80316|TCPE_MOUSE T-complex protein 1 subunit epsilon OS=Mus musculus OX=10090 GN=Cct5 PE=1 SV=1,Cct5,T-complex protein 1 subunit epsilon,26.45165862488807,26.708798957743976,26.72864798978445,26.72506524356308,26.8205879382697,26.86980547721846,26.744590154284943,26.79031138972498,26.644646668385807,26.62951337279139,26.14174757740932,26.90808417793854,26.92172489265162,26.994637824220355,26.87335386827649,27.027283273274406,27.054910919245224,27.099360136533967,27.146954469907843,27.037088428597123,26.833496014443163,27.31503292167571,27.270982142606083,27.10894047665556,27.09093490228748,27.30100970897008,27.07239184368304,26.910556591706687,26.635583357183418,27.05898551084528,26.863746405578983,26.62039004243863,27.028144230243303,27.06531903228943,27.027168070723512,27.00251137658863,0.3766923163404065,9.959403267918151e-05,0.3766923163404065,3.696673333167171e-05,9.959403267918151e-05,-0.0839186912957572,0.2410281723002807,0.3591439681787765
P82347,sp|P82347|SGCD_MOUSE Delta-sarcoglycan OS=Mus musculus OX=10090 GN=Sgcd PE=1 SV=1,Sgcd,Delta-sarcoglycan,25.47659570867954,25.010538506606043,25.28747363159033,25.07163783876721,25.371249765893104,25.1942908866524,25.22856041292607,25.13849071647959,25.311893342651373,25.12523211098256,25.200938456840387,25.28672010945345,25.545560218094156,25.27264301638704,25.331481573027222,25.734052305901773,25.852466256847997,25.82691572158765,25.542553087698856,25.22307238836675,25.16161697897157,25.555936789622272,25.56990032684819,25.562161026021283,25.16353989872649,25.303659510033796,24.97963960954704,25.193587436695957,24.95907057756529,25.365490420881997,25.247156769049383,25.314894744290736,25.53236336041756,25.462387563081755,25.464314727056223,25.204760420954283,0.2895615168210632,0.0020819397600169,0.2895615168210632,0.0009361198253164,0.0020819397600169,-0.2489578875895226,0.0071052407351971,0.0164537597952955
P84084,sp|P84084|ARF5_MOUSE ADP-ribosylation factor 5 OS=Mus musculus OX=10090 GN=Arf5 PE=1 SV=2,Arf5,ADP-ribosylation factor 5,24.41464165546796,24.19825670045304,23.937064622195347,,24.13007268550609,24.26218763593397,23.899001808765053,24.27387000533245,,23.806659601527777,23.896359848700687,24.03262198528541,24.688558441291757,25.04604327618217,24.95608837288797,,,24.82663182556888,23.45140519964066,24.423116120688206,23.91776672855605,24.6005306795172,24.74007142668476,24.63996796295525,24.6044666001199,24.604918817289413,24.21759184721814,24.54818194806253,23.81818884013605,24.64938108233453,24.53544778131415,24.635728754248948,24.331831876723847,24.132118394687318,24.32393420914847,24.2429622444812,0.4439443484805139,0.0308534866242939,0.4439443484805139,0.0164483250896347,0.0308534866242939,-0.1419553037502474,0.4240250770796183,0.5763790192980894
P97313,sp|P97313|PRKDC_MOUSE DNA-dependent protein kinase catalytic subunit OS=Mus musculus OX=10090 GN=Prkdc PE=1 SV=3,Prkdc,DNA-dependent protein kinase catalytic subunit,23.751016038850857,24.33669785099565,24.289519357488,23.92403992444216,24.038257703275683,24.147376955299173,24.36719531607327,,24.39876543447901,23.84533747703035,23.787789032082514,23.760256315631963,24.262245002599915,24.28726957829569,24.304445827687424,24.69330186847892,24.311227291794676,24.518216972835848,24.625873175202912,24.481816614200227,24.675580780008083,24.38981916670432,24.233932126687503,23.99532476006944,24.356339656098744,24.18096040379261,24.128877232867648,23.85479000748632,23.78457913923542,23.832096983350887,24.03016098331166,23.7796242281907,23.184650420131,24.809209665925483,,24.9758772842266,0.3395043025941682,0.0055869715371834,0.3395043025941682,0.0026520237736324,0.0055869715371834,-0.3148757026879494,0.074850375833489,0.1332756035788204
P97371,sp|P97371|PSME1_MOUSE Proteasome activator complex subunit 1 OS=Mus musculus OX=10090 GN=Psme1 PE=1 SV=2,Psme1,Proteasome activator complex subunit 1,25.216983342790325,24.810063694900087,24.69261197116975,24.71894178503998,24.553775276701003,24.794163204093635,24.69062618440058,24.579843262624117,24.742441175012303,24.536078900639755,24.886871459726425,24.722263228365406,25.198155194306405,25.348578054719383,25.430019561220384,25.00280507808961,25.029171598446347,24.98312424985804,24.818182480521106,24.7184519959632,24.828210861807257,25.299640032792333,24.998926986464586,25.19049026660168,24.884437099515008,24.184873615837976,24.90335469837181,24.70470314965265,24.75950560161256,24.51904984249561,25.232779547275182,25.095179438626616,25.331043734097918,24.46782006970765,24.80891520067946,24.60139225601366,0.3250910729439162,0.0017519308239282,0.3250910729439162,0.0007770110554651,0.0017519308239282,-0.2793918422420205,0.0237605884755817,0.0490442089941123
Q01730,sp|Q01730|RSU1_MOUSE Ras suppressor protein 1 OS=Mus musculus OX=10090 GN=Rsu1 PE=1 SV=3,Rsu1,Ras suppressor protein 1,24.777566892571397,25.001743055684717,24.87222433983612,25.11389661783545,25.01390154960723,25.196535337087028,25.023846735949405,25.07357438531428,25.183972224186405,24.91098942394146,25.2051737985835,25.077655138120047,25.21142784831192,25.36625022399854,24.92312159208055,25.147109254842118,25.079828551449555,25.386862846973568,25.384426499911918,25.342889003846597,25.22589571004228,25.856414050841263,25.826093457710563,25.22201146856906,25.02588554656343,25.10328649126225,25.142851266902912,25.48539650817165,25.57631065078969,24.9317206378727,25.696477897189904,25.3651876871179,25.37958867294609,25.541049748758724,25.497713063608384,25.12008748804848,0.2934375841550718,0.006314044932398,0.2934375841550718,0.0030443930481845,0.006314044932398,-0.0088979041121497,0.9343500756049102,1.0
Q01853,sp|Q01853|TERA_MOUSE Transitional endoplasmic reticulum ATPase OS=Mus musculus OX=10090 GN=Vcp PE=1 SV=4,Vcp,Transitional endoplasmic reticulum ATPase,30.156958634119697,30.188192650728784,30.12159043943201,30.118713634133236,30.17953140150672,30.200030654462196,30.232257404235455,30.30337461233122,30.22976842831541,30.300591031301146,30.33544024776893,30.287159542083053,30.620294280612438,30.639730046775476,30.60479961138949,30.375737886614527,30.34035610167277,30.47857007324737,30.4796330210566,30.46144526969081,30.44762981740842,30.486425051615527,30.437681636606506,30.449059273603357,30.356255067840333,30.269575292004863,30.180505209159787,30.2964385762316,30.230639237056327,30.379937382593408,30.39316927982257,30.462616271755937,30.44958773739134,30.34971944051881,30.366695275710665,30.31063767427308,0.2639794491562846,3.7893049047213124e-07,0.2639794491562846,1.0142769388819985e-07,3.7893049047213124e-07,-0.1479654688278771,0.0004815853427896,0.0014717837771989
Q3TVI8,sp|Q3TVI8|PBIP1_MOUSE Pre-B-cell leukemia transcription factor-interacting protein 1 OS=Mus musculus OX=10090 GN=Pbxip1 PE=1 SV=2,Pbxip1,Pre-B-cell leukemia transcription factor-interacting protein 1,27.64607758113201,27.63507267899917,27.27198400380803,27.52641556849277,27.392837273812717,27.567736803252405,27.58399226241923,27.640326013253485,27.569769247787107,27.71024700047356,27.634182831305164,27.81984555546884,28.120431852018413,27.920987170831225,27.93176711548096,28.003243841981263,27.842563253626373,27.937650710256307,27.99514234807481,27.87798885939212,27.938595909341675,27.69986252893007,27.760943556568424,27.76697833416806,27.646799470746693,27.612900746636317,27.683578518402715,27.48687471930628,27.536923472628395,27.62528586155896,27.871500871179155,27.96836539019584,27.87423758486744,27.82019162141192,27.69789115845503,27.61679642135536,0.3164723883721052,1.669298070866693e-05,0.3164723883721052,5.629352425961135e-06,1.669298070866693e-05,-0.1962341369938016,0.0016381039678966,0.0043674671072854
Q5EBG6,sp|Q5EBG6|HSPB6_MOUSE Heat shock protein beta-6 OS=Mus musculus OX=10090 GN=Hspb6 PE=1 SV=1,Hspb6,Heat shock protein beta-6,28.866259922918616,29.15912410754333,29.03044470338769,29.17540612612952,29.21045825301468,29.0991459906274,29.506519934938137,29.492636027192944,29.38309951385961,28.717953583526228,28.528411206973782,28.800978051192253,29.1564938460514,29.18035437437917,29.11308049734584,29.42296301594245,29.278447384226336,29.572699383339785,29.09555828606528,29.200374048430596,29.4306548463451,29.558281806180275,29.41868822723915,29.555103008575443,29.68799607616232,29.603144900116146,29.52638004881327,29.198557782809157,29.387348976577872,29.264009795213635,30.641200266412785,30.42395487945583,30.5327168698118,30.726545244852044,30.73142453989485,30.78311408776572,0.2510217752347081,0.0422987523522204,0.2510217752347081,0.0233502294565401,0.0422987523522204,0.7103078953137256,0.0013267294724574,0.0036178040394628
Q60631,sp|Q60631|GRB2_MOUSE Growth factor receptor-bound protein 2 OS=Mus musculus OX=10090 GN=Grb2 PE=1 SV=1,Grb2,Growth factor receptor-bound protein 2,24.910033542436864,24.39268860342889,24.788806650631454,24.57064354931539,24.884446206032823,24.3862057657382,24.18219714004492,24.51021413907833,24.58027058226684,24.76747012290483,,24.393148166685613,24.95410055419046,25.00261836917712,24.72611625081082,25.023539204989422,24.656864136399083,24.738946344949653,25.135449663796784,24.945760779144717,25.18895575019244,25.07030929550117,25.146413276324697,24.920270411429826,24.635468038052835,24.673153400409312,24.627669152372505,24.781722789016804,24.675405926623448,24.731026822924107,24.999163990348407,,25.23351275650542,24.979978607963066,25.03781531492302,24.81017547391561,0.3803734150242341,0.0008090091759911,0.3803734150242341,0.0003439527047619,0.0008090091759911,-0.1241036146160148,0.1286466901469559,0.2126753470046732
Q61147,sp|Q61147|CERU_MOUSE Ceruloplasmin OS=Mus musculus OX=10090 GN=Cp PE=1 SV=2,Cp,Ceruloplasmin,24.941252417525146,24.90855901047572,24.58017902384993,24.493399685872216,24.344160277648285,25.13899909196575,24.21931927812981,23.54686394226613,24.1743966960661,24.752692326738547,24.154208178840268,24.532593761763717,24.965955376208743,24.80679434157115,24.794294503321296,24.816050471410417,24.580816815770536,24.91425559869353,24.670400169996952,24.368670687961465,24.769168801556635,25.13048516697974,25.05132961844327,25.391813727049133,24.591129682567413,24.562107087214315,24.50011147017276,24.797608606707097,24.27617149063939,24.650648018824203,23.70306538301647,24.39312300414,24.27046558936534,24.11883296259586,24.044664281850974,24.15993208186617,0.3727842989851027,0.0349221766996872,0.3727842989851027,0.0188505906503598,0.0349221766996872,-0.5160146350002428,0.000222758808983,0.0007316226669557
Q61206,sp|Q61206|PA1B2_MOUSE Platelet-activating factor acetylhydrolase IB subunit beta OS=Mus musculus OX=10090 GN=Pafah1b2 PE=1 SV=2,Pafah1b2,Platelet-activating factor acetylhydrolase IB subunit beta,,,,,23.952457414380916,,23.627568807492217,24.03106095803163,24.156815166751763,23.85304506376395,24.2275300958929,24.15960632233227,25.083960810676864,24.28696477820141,24.321388834338777,24.057129500842628,24.31864332453184,24.380125204647573,24.39011761198977,24.312617796013907,24.423892689899716,,24.077812924770225,,24.054236959348103,24.386079373222067,24.182670585016297,,24.33105136865093,24.2031471774321,,23.680129228882187,,23.933882748161476,,24.19990419954671,0.3641105149276065,0.0160023134481483,0.3641105149276065,0.0081124694219605,0.0160023134481483,-0.243877642558786,0.0592545270370301,0.1088756493717211
Q61598,sp|Q61598|GDIB_MOUSE Rab GDP dissociation inhibitor beta OS=Mus musculus OX=10090 GN=Gdi2 PE=1 SV=1,Gdi2,Rab GDP dissociation inhibitor beta,29.539617775533117,29.266437221638995,29.389175450328047,29.2280376527296,29.23671463001939,29.190678413359997,29.25462694277857,29.316636027195518,29.3249522835205,29.256136426870405,29.33514101326353,29.30146759774903,29.595718271769183,29.53579848196623,29.584978244160062,29.587212370011716,29.547136323974613,29.599420251381584,29.68227617619632,29.569424462418787,29.62837358554188,29.71502414398053,29.741566045675174,29.667161327019475,29.33598067774811,29.417260121313152,29.331684060246246,29.394288808920376,29.42299634024902,29.447844440359543,29.51642921424191,29.49024513785449,29.54228932281802,29.30934191898354,29.328387419368905,29.3353659687176,0.3178723540924046,9.84072576269032e-09,0.3178723540924046,2.108335792229145e-09,9.84072576269032e-09,-0.2151646877728872,3.532943168353775e-07,2.137609048327183e-06
Q62167,sp|Q62167|DDX3X_MOUSE ATP-dependent RNA helicase DDX3X OS=Mus musculus OX=10090 GN=Ddx3x PE=1 SV=3,Ddx3x,ATP-dependent RNA helicase DDX3X;Putative ATP-dependent RNA helicase Pl10,26.72318782488732,26.55810595122192,26.6106012969019,26.69233185280227,26.361089150715674,26.34194478309428,26.69805169335089,26.33248450039855,26.44540257713585,26.548263052268226,26.512869951110577,26.52807921951469,26.6726471888539,26.83857195015492,26.783978526376565,26.890576048725528,26.84988521217125,26.859196692071396,26.72041216451794,26.64093373285455,26.730005717779733,26.83604470881501,26.7829152096124,27.11921291196187,26.71237244321772,26.68892479254672,26.483808497152275,26.562966326222973,26.43136745128044,26.13641607047485,26.597484746933493,26.611886381549,26.27118480494027,26.540108415174583,26.679916904456984,26.43744273134764,0.2809973508744079,8.186132607797051e-05,0.2809973508744079,3.011148388288175e-05,8.186132607797051e-05,-0.2975417082165066,8.164208716508269e-05,0.0002951479293416
Q62433,sp|Q62433|NDRG1_MOUSE Protein NDRG1 OS=Mus musculus OX=10090 GN=Ndrg1 PE=1 SV=1,Ndrg1,Protein NDRG1,,,,,,23.066160924669177,,,,,,23.121834769147693,,23.38085510395511,23.16208278298611,23.61802370147722,,,,23.157773905462843,,23.344471909293027,23.47488507877395,,,,,,,23.253470599567343,23.003753201959736,,22.531580332265857,,,,0.2623509000829394,0.0293899175284678,0.2623509000829394,0.0156353707051837,0.0293899175284678,-0.4267473690603971,0.1712502709775491,0.2666696160716255
Q64152,sp|Q64152|BTF3_MOUSE Transcription factor BTF3 OS=Mus musculus OX=10090 GN=Btf3 PE=1 SV=3,Btf3,Transcription factor BTF3,26.01220303470273,25.957289457237348,26.03706222020044,26.29789398864838,26.495791186183546,26.416800961141227,26.078810482261115,26.200498986446053,26.316202332381664,26.12161268382273,25.91869342691423,26.0408787099495,26.237553204002136,26.30717017945869,26.167698750984652,26.526785745965476,26.496193262973048,26.43277539192204,26.77741027744672,26.757158821991087,26.59029773388057,26.643112955255,26.64939970348955,26.655170145941582,26.571764746250317,26.545916882260794,26.43891899859488,26.484820373762364,26.389765322324944,26.529746119932792,26.544794840298696,26.57449233248979,26.4123256120568,26.468353061680254,26.662319592825863,26.55548749617332,0.3622490586184703,0.0003403448723773,0.3622490586184703,0.0001380697896288,0.0003403448723773,-0.0051683995549787,0.9339854095131044,1.0
Q6IRU2,sp|Q6IRU2|TPM4_MOUSE Tropomyosin alpha-4 chain OS=Mus musculus OX=10090 GN=Tpm4 PE=1 SV=3,Tpm4,Tropomyosin alpha-4 chain,,23.680150796695877,,,,,,23.713865256266896,23.44465006297072,,24.136811531777624,,25.04789377707716,25.02545372929168,25.178520875210157,23.905241989439048,23.9038384167122,24.519622672530723,23.44172264624332,24.372538080468512,23.80724988971176,24.986484222524403,25.00851359405569,24.342711867436904,24.24955978308059,24.456686581509693,24.84379700821294,,24.3326843003939,24.199925208248263,25.06481754888983,24.59903616447825,23.873606267676344,23.838907940496387,24.40626446372633,24.657294889807734,0.7177799014640165,0.0158914842003522,0.7177799014640165,0.0080474405243854,0.0158914842003522,-0.0505056627990398,0.8081433276100113,0.971562251781412
Q6PDI5,sp|Q6PDI5|ECM29_MOUSE Proteasome adapter and scaffold protein ECM29 OS=Mus musculus OX=10090 GN=Ecpas PE=1 SV=3,Ecm29,Proteasome-associated protein ECM29 homolog,25.38258643276433,25.52121615130537,25.38863671619299,25.39052462014995,25.417142106968225,25.65294974265386,25.214858060289338,25.207040645613212,25.26097373145833,25.442397987478792,25.91192180938713,25.427635504032438,26.331703609503677,25.97514164859456,26.03278342337489,25.667441534712797,25.446988950164,25.432927994367574,25.71671116510904,25.79662492385436,25.924379187253443,25.829680615452112,25.77110691418048,25.930250259154292,26.06375836123968,25.594291960131635,25.68924666382655,25.711081157594588,25.442910717700823,25.596843244447005,25.483769777060846,25.525445964217976,25.536243646066534,25.651381690166065,25.449840956081143,25.320571564642,0.3864880597856093,0.0008049527916604,0.3864880597856093,0.000341780178095,0.0008049527916604,-0.2325295435455352,0.0167638017569466,0.0358199188552117
Q6ZWX6,sp|Q6ZWX6|IF2A_MOUSE Eukaryotic translation initiation factor 2 subunit 1 OS=Mus musculus OX=10090 GN=Eif2s1 PE=1 SV=3,Eif2s1,Eukaryotic translation initiation factor 2 subunit 1,25.992973314555268,25.781263852631547,25.93156416880008,25.989134952664045,26.211082375280867,25.9276956110109,26.055652502901577,25.89020382407719,25.765775043208773,25.90708682244296,26.047954924416867,25.939145457766823,26.31895675634456,26.01041655211492,26.10408778220697,26.3679707983657,26.161311381546,26.29036983890344,26.24898859927453,26.06529137651484,26.146972450029452,26.445730211914142,26.33027405066249,26.41721543635622,26.11136750117228,26.005171619603317,25.951700745233087,25.96895395375104,26.035569955895472,26.0291862092534,26.23643114172514,26.17325620426777,26.305208577239267,26.18054224810409,26.22751069844002,26.068871409600508,0.2890043653730352,6.220045581948584e-05,0.2890043653730352,2.2429546672802907e-05,6.220045581948584e-05,-0.134484580828996,0.0186696920326005,0.0394699253912743
Q76MZ3,sp|Q76MZ3|2AAA_MOUSE Serine/threonine-protein phosphatase 2A 65 kDa regulatory subunit A alpha isoform OS=Mus musculus OX=10090 GN=Ppp2r1a PE=1 SV=3,Ppp2r1a,Serine/threonine-protein phosphatase 2A 65 kDa regulatory subunit A alpha isoform,28.49379869427351,28.61738938997443,28.58738628046221,28.634129118579644,28.63223517931769,28.62033709941385,28.761941909056677,28.6424995005439,28.64539730792453,28.696991105262885,28.714140915777023,28.776590890273567,29.01201473860577,29.150351661482773,28.98593305388724,28.83954486991122,28.686145024650845,28.8531908540391,28.902450164067204,28.865389800717782,28.931106811069583,28.99193463965817,29.06927513167687,29.026160904281856,28.868025566666788,28.745431888763413,28.574794045030465,28.689627225173645,28.58209989549689,28.687243148362903,28.666716479762453,28.615446744755392,28.50705107094008,28.76116743667368,28.58924350152085,28.583340227100496,0.2908883552657073,2.0169646242456035e-06,0.2908883552657073,5.9824270713573e-07,2.0169646242456035e-06,-0.2869425353167791,2.8043489305621984e-06,1.4398328652057917e-05
Q7M6Y3,sp|Q7M6Y3|PICAL_MOUSE Phosphatidylinositol-binding clathrin assembly protein OS=Mus musculus OX=10090 GN=Picalm PE=1 SV=1,Picalm,Phosphatidylinositol-binding clathrin assembly protein,24.06084559143566,23.797890714739477,24.400075421411486,23.64806353668718,,23.96411565099091,,,24.305414265599545,,24.018184974394245,,24.372374328939195,24.913910748390315,24.40639389211544,24.460328721704013,24.056920244139512,24.40294750184019,24.17719283209643,,24.111389323145016,25.029315216393982,24.8071374387502,24.479500152977987,23.679782732416385,23.98392723264208,24.07370626503275,,23.985045333976306,,,23.995534814593963,24.50266125201444,24.29481508951957,24.32901281513298,24.43827383896109,0.4465114428000305,0.0118014796057853,0.4465114428000305,0.0058843214951495,0.0118014796057853,-0.3317812170428809,0.0209321048360361,0.043738363244601
Q80WJ7,sp|Q80WJ7|LYRIC_MOUSE Protein LYRIC OS=Mus musculus OX=10090 GN=Mtdh PE=1 SV=1,Mtdh,Protein LYRIC,22.34592435706568,22.73460604285035,22.224521063123667,22.949438881434787,22.5300779397609,22.750947465475928,,21.648552797462813,,22.41896538205309,,22.832919065129964,23.209659839462105,22.96562717502434,23.36395351766772,22.80180029534178,22.94085028783647,22.4113293062599,22.649231004472288,22.791268443995342,22.4318148101749,23.021614200042368,23.16945372359808,23.30969438253086,22.8328648207632,22.102976312085747,,22.50425949820446,22.307246834031464,,,22.270126469179782,,,,22.058870757193805,0.429307749494157,0.0327335994074783,0.429307749494157,0.0176260514702889,0.0327335994074783,-0.5761339669574319,0.0025329775081659,0.0064932390615895
Q8BWB1,sp|Q8BWB1|SYP2L_MOUSE Synaptopodin 2-like protein OS=Mus musculus OX=10090 GN=Synpo2l PE=1 SV=1,Synpo2l,Synaptopodin 2-like protein,27.784902033003267,27.50241138552858,27.61749708694161,27.932698032197894,27.869772152456843,27.79024275070479,27.77083359701707,27.871971207271173,28.014954586635536,27.991329158153896,27.88787440845619,28.0217488302176,28.13336565670602,28.086383157225185,28.065433977108448,28.09935210970629,27.99738455561544,28.16048691171862,28.352883229285577,28.32197588627251,28.294319655478105,28.31651414993857,28.32847070783795,28.39591796789702,28.30498082371072,28.29288280745786,28.25104627989023,28.18914961955279,28.1668240248478,28.153415832012605,28.362569725315176,28.3623150606736,28.28849999094101,28.427704551941257,28.51983799887796,28.399973090168697,0.3746877280171077,8.439884439283323e-06,0.3746877280171077,2.752238331341139e-06,8.439884439283323e-06,0.0972259867166656,0.0674474218198999,0.1221804606959275
Q8BWY3,sp|Q8BWY3|ERF1_MOUSE Eukaryotic peptide chain release factor subunit 1 OS=Mus musculus OX=10090 GN=Etf1 PE=1 SV=4,Etf1,Eukaryotic peptide chain release factor subunit 1,24.73542377069356,24.994109730782284,24.63330285820308,24.789920371272288,24.75166897513541,24.831373139618755,24.306377317409,24.496791363319065,24.533853419260296,24.67177037485456,24.672707455243746,24.7802721952008,25.11099122020476,25.057078184158616,25.07372221448505,25.105212419818063,24.800696685638638,25.034489591336367,24.893604763647343,24.88664897992048,24.635605420340354,25.493072355821003,25.09468906552596,24.90796355018616,24.816066525785757,25.14003203719553,24.70824231488448,24.79278571946583,24.60991734307057,24.849854695984487,24.675291813084154,24.481953565756086,24.69037645644012,25.13921290753042,24.93777440759321,24.97808038996796,0.3246836233408281,0.0011615401303196,0.3246836233408281,0.0005035279696822,0.0011615401303196,-0.1895155228603471,0.035373302008153,0.0695468530729223
Q8BZF8,sp|Q8BZF8|PGM5_MOUSE Phosphoglucomutase-like protein 5 OS=Mus musculus OX=10090 GN=Pgm5 PE=1 SV=2,Pgm5,Phosphoglucomutase-like protein 5,,24.81583172634628,25.10011328582978,,,25.13763697572286,,,,,,,25.387772654052256,25.33953153734272,25.444458189651176,25.6860604890334,25.62981272477905,25.736613019128253,25.258247477720616,25.64984252095105,24.48787666928608,26.146906356791305,26.553420690910023,26.47154909419365,,24.102053333504188,,,24.938574380777048,,26.13686666277919,25.782965858786607,26.02410661711173,24.950938619161967,25.01413123437788,25.0260851470956,0.6314802893536609,0.013176177945219,0.6314802893536609,0.0066137520904772,0.013176177945219,-0.4023757202873597,0.1902382844401778,0.2916878815179177
Q8C1B7,sp|Q8C1B7|SEP11_MOUSE Septin-11 OS=Mus musculus OX=10090 GN=Sept11 PE=1 SV=4,Sept11,Septin-11,25.429318703964583,24.63795691634704,24.83014941827884,23.397559628871235,24.64237010069765,23.52626931850026,24.685706949590838,24.70290455746148,24.0967723776447,23.42791275306,24.567693975855097,24.312485719860835,24.83847133307844,25.146314241553306,25.983233797066276,26.098383603615208,25.51120117100856,25.41161153369974,25.342547241152484,25.03838604071847,25.213628180860063,25.480109562614743,25.52549023330657,25.65783323483787,25.58195722983321,25.41343676653235,24.913820527606585,25.342549472717703,25.415949019012064,23.759863897056597,25.944422852740576,25.85364260475663,25.28847461721576,25.001602266975144,24.858320703936325,25.02231285721688,1.0825091461149334,9.668271623639367e-05,1.0825091461149334,3.583232555004908e-05,9.668271623639367e-05,-0.2375714464926588,0.237485476603177,0.3544731597142472
Q8CDN6,sp|Q8CDN6|TXNL1_MOUSE Thioredoxin-like protein 1 OS=Mus musculus OX=10090 GN=Txnl1 PE=1 SV=3,Txnl1,Thioredoxin-like protein 1,26.286086375081133,26.352674899055472,26.28747363159033,26.25111967078629,26.267744381665395,26.21619268248572,26.47630231885131,26.620230796353773,26.454324382262783,26.43273088431773,26.11560303959845,26.38200428455741,26.664368592461184,26.782378321806483,26.608233085027383,26.64077660369074,26.51986146147934,26.64353475058382,26.582048491443164,26.591879113302067,26.64369485237384,26.499286757587324,26.55571683390483,26.71348838407183,26.15962873692828,26.262039323564032,26.40361284990155,26.05855172547756,26.29218802353516,26.57471627873748,26.581975437163607,26.748226421945457,26.745465197225425,26.37145768752108,26.421861318777356,26.43094670047698,0.2752316584271845,1.3572515478067547e-05,0.2752316584271845,4.493960328019027e-06,1.3572515478067547e-05,-0.1995497955398448,0.0062841999722415,0.0147040460287994
Q8CGC7,sp|Q8CGC7|SYEP_MOUSE Bifunctional glutamate/proline--tRNA ligase OS=Mus musculus OX=10090 GN=Eprs PE=1 SV=4,Eprs,Bifunctional glutamate/proline--tRNA ligase;Glutamate--tRNA ligase;Proline--tRNA ligase,28.11847910626635,28.19860838191543,28.25109617278781,28.30328010272246,28.1665780860776,28.27780868520564,28.128405187881608,28.244062943064737,28.10467386775575,28.15346068979651,28.12433764925813,28.22111958526373,28.324685434585632,28.3822201055334,28.277174509746835,28.49274655754681,28.37763470656562,28.42361517662732,28.535975925857606,28.462226401727232,28.43217691753221,28.5637268543455,28.52813819963717,28.61645346063375,28.48685951181925,28.47115619460142,28.43096553535745,28.51688705966464,28.48413903696344,28.53055961979848,28.42186178739119,28.44475301621587,28.380287253117764,28.48583223358037,28.594314119756863,28.582017739152583,0.2604053160286064,7.380921401952433e-07,0.2604053160286064,2.0660008153489558e-07,7.380921401952433e-07,0.0344049047566876,0.3287795440104381,0.465210110698234
Q8CGY6,sp|Q8CGY6|UN45B_MOUSE Protein unc-45 homolog B OS=Mus musculus OX=10090 GN=Unc45b PE=1 SV=1,Unc45b,Protein unc-45 homolog B,27.941656897963806,27.954862719842808,27.911413007926136,27.92150011677801,28.0712404210698,28.16676677349398,27.60936204634909,27.7575178779698,27.62222126176168,27.62096990929216,27.66362520521053,27.72978035141937,28.04700519986497,28.065266001090205,28.13900642777201,28.05022113150045,27.9600130958865,28.022855388479567,28.28781367462317,28.171256365871194,28.262461075354697,28.388177930157315,28.334124811442397,28.120694928371464,27.87164008329181,27.92780146553034,27.86963143397876,28.00301003699667,27.949579601075836,28.040543032713508,28.08916794739416,28.10321225608161,27.94779007229399,27.977915958164218,28.033196632260264,27.989497320359124,0.3231649534447314,0.0002153388340147,0.3231649534447314,8.42421815872992e-05,0.0002153388340147,-0.1704925158561359,0.0009890503060908,0.0027945336478697
Q8R050,sp|Q8R050|ERF3A_MOUSE Eukaryotic peptide chain release factor GTP-binding subunit ERF3A OS=Mus musculus OX=10090 GN=Gspt1 PE=1 SV=2,Gspt1,Eukaryotic peptide chain release factor GTP-binding subunit ERF3A,24.88159761263177,24.237958275833293,,25.03204386004657,25.190975313231693,24.89775404126524,24.80174456610592,,25.23578463256999,24.772596762015063,24.91730052238941,24.773952004248976,25.31301811744628,25.247213064733472,25.08218807804817,25.03300243397706,24.950249574623065,25.386862846973568,25.342647299760625,25.12789919470381,25.216210201922287,25.19400947560921,25.0382523849478,25.560583817479657,25.06375836123968,24.892918303057662,25.336145732936096,25.248410686197204,24.86068604826206,25.341299938753707,24.908229953229423,24.90298641727968,,25.116464291615653,25.16060369555631,25.077057132134257,0.3335072818182922,0.0100553334700659,0.3335072818182922,0.0049633170773224,0.0100553334700659,-0.1250816262828316,0.103570984555538,0.1755119632472775
Q8R1Q8,sp|Q8R1Q8|DC1L1_MOUSE Cytoplasmic dynein 1 light intermediate chain 1 OS=Mus musculus OX=10090 GN=Dync1li1 PE=1 SV=1,Dync1li1,Cytoplasmic dynein 1 light intermediate chain 1,24.24971963958977,24.396917383524265,24.207057197296024,24.845139897507128,24.93124770931184,24.31540998762834,24.27438659162416,24.382285053572744,24.278358582593263,24.57186571379157,24.39089721342945,24.63796785335683,24.88145592839568,24.652917913418268,24.653633150997816,24.71851497861051,24.329696382258717,24.825185669963417,24.94819587433738,25.04753593653148,25.04708451300691,24.82188250191713,25.23504289819214,24.72565372635256,25.18766175572396,24.332270053284997,,24.721296426270744,24.6871015694935,24.875004459219745,25.292352289598973,25.5019953416364,24.99595757856284,25.22825682157072,25.25092580603138,25.09102178805825,0.3671288875630552,0.0022139999525875,0.3671288875630552,0.0009979632507489,0.0022139999525875,0.190994942875875,0.1353807859362281,0.2207615901337586
Q8VCI5,sp|Q8VCI5|PEX19_MOUSE Peroxisomal biogenesis factor 19 OS=Mus musculus OX=10090 GN=Pex19 PE=1 SV=1,Pex19,Peroxisomal biogenesis factor 19,,,23.274781945742767,,,,23.214371207068943,,,,,,23.860968750261023,23.650135929380973,23.580594403705103,23.598261257215317,23.27342029321892,,23.83036404775095,,,,,23.777442390628018,23.50755757989692,23.623946341032177,,,23.35535337574361,23.557626874606303,23.396233078332777,23.70682697659629,23.59067982171076,,23.6392809772369,,0.4084501481884715,0.0034405788104185,0.4084501481884715,0.0015757353149551,0.0034405788104185,-0.1058385964498604,0.2541630185924736,0.375601105600884
Q91VJ2,sp|Q91VJ2|CAVN3_MOUSE Caveolae-associated protein 3 OS=Mus musculus OX=10090 GN=Cavin3 PE=1 SV=1,Prkcdbp,Protein kinase C delta-binding protein,,23.55987116276572,,,,,23.88528122346218,,23.64606573069759,,,23.87846188270373,23.783239275575205,23.83244971922376,23.948210923295964,24.16250203663206,24.13674459106268,24.430790089838226,,24.05812486151064,23.654245489643674,24.54696556342533,24.285615861505573,23.953700789331037,,,,24.376691060977176,24.46358287746389,24.42249744107835,,,23.946772184590397,23.77071212442603,24.03217978025359,23.990641404315035,0.3296335638239789,0.0360208281424391,0.3296335638239789,0.0194837200636899,0.0360208281424391,0.071243132426499,0.5998407928975571,0.766107963636752
Q99L45,sp|Q99L45|IF2B_MOUSE Eukaryotic translation initiation factor 2 subunit 2 OS=Mus musculus OX=10090 GN=Eif2s2 PE=1 SV=1,Eif2s2,Eukaryotic translation initiation factor 2 subunit 2,24.397355639884932,24.276152251383163,23.98825541037216,25.001842978293816,24.414517960897903,24.468624227099628,24.545369878257727,24.024980754525824,23.87360805595155,24.79312092836076,24.422917923400995,24.40091274710748,24.709807355960187,24.862881020961648,24.88855103203226,24.90167394400464,24.4413277405843,24.519941958808644,24.60678189251382,24.524496852749643,24.573182021032316,24.208852336627945,24.763652517122097,24.965242069246223,24.87175843884714,24.901632748812364,24.44847822915678,24.6445741905076,24.749556641348452,24.79408920155644,24.971199864422797,24.16583202955229,24.641150719277174,24.30460399997688,24.04078994492713,24.09715485772868,0.2798943321756475,0.0400187750356358,0.2798943321756475,0.0219357225431838,0.0400187750356358,-0.1112974896275034,0.3457714427977241,0.4846733874473558
Q99MN1,sp|Q99MN1|SYK_MOUSE Lysine--tRNA ligase OS=Mus musculus OX=10090 GN=Kars PE=1 SV=1,Kars,Lysine--tRNA ligase,25.494917300735576,25.628474976764743,25.18925843820564,25.286394450629498,25.35009559698216,,25.719282405913944,,25.105646121170764,24.887413874047823,25.21185753521776,25.34197530754092,25.13866527454121,25.67716496688056,25.51424263092728,25.38037468239541,25.34782944598884,26.16909309377114,25.385721907236885,25.4940031659962,25.87815747838796,25.746347874223236,26.417430162047253,26.40182053546264,25.43930548366545,25.076315692498003,25.42545949809256,25.436599637742127,25.418834538301027,25.54687320587535,25.54561584830142,25.75671281672181,25.91445057933033,25.464159953475853,25.555416770024863,25.620014981098787,0.3910393341006717,0.0279214716930708,0.3910393341006717,0.0148075473141327,0.0279214716930708,-0.1959243510609205,0.163119079807869,0.2569018285843475
Q99PT1,sp|Q99PT1|GDIR1_MOUSE Rho GDP-dissociation inhibitor 1 OS=Mus musculus OX=10090 GN=Arhgdia PE=1 SV=3,Arhgdia,Rho GDP-dissociation inhibitor 1,27.53734480670053,27.455361501179425,27.44263227738332,27.27552753554388,27.41245956889734,27.28375849676738,27.38681992663934,27.48903627659697,27.54482330864465,27.567100765622826,27.489489296429525,27.50209903287421,27.68760610063228,27.60790182781576,27.660135028101177,27.890636859071,27.870203086103214,27.83540672814689,27.641546649438453,27.57643299109077,27.486881040704333,27.75870433087756,27.78199615895327,27.646368153435752,27.49663948843177,27.465251173282347,27.43348913390977,27.656514569850604,27.54009253148781,27.65965718126392,27.448860243239427,27.64599485858903,27.66624695351045,27.551191581698905,27.55739432052988,27.607726912109516,0.2547805134242615,3.356542149916516e-05,0.2547805134242615,1.1692795691974065e-05,3.356542149916516e-05,-0.1428966672055871,0.003546834477014,0.0087190992547117
Q9CQH7,sp|Q9CQH7|BT3L4_MOUSE Transcription factor BTF3 homolog 4 OS=Mus musculus OX=10090 GN=Btf3l4 PE=1 SV=1,Btf3l4,Transcription factor BTF3 homolog 4,24.88251282962969,24.727604543334543,24.691918790754976,24.945577430143768,24.963617084933208,24.723339070545254,25.240707307955983,24.842407139351845,24.951468330724328,24.56261022067824,,25.05205846474982,25.096669938437717,25.37455761560269,24.88132955884537,24.95670807897707,25.076489693738143,25.142445196539697,25.33180067265656,25.264741067836056,25.27957364332996,25.24532260831784,25.32296286748629,25.33765587982364,25.238037328913244,25.46871220918336,24.822809792889576,25.051250324328134,25.182614143149426,25.31361000192537,25.14303415855708,24.805630452777525,25.48349021074808,24.86625179385548,24.989709811240555,24.84907384755649,0.3212649279081887,0.0007405966414637,0.3212649279081887,0.0003119820019967,0.0007405966414637,-0.0913360622055563,0.289766014164429,0.4192508272572294
Q9CR16,sp|Q9CR16|PPID_MOUSE Peptidyl-prolyl cis-trans isomerase D OS=Mus musculus OX=10090 GN=Ppid PE=1 SV=3,Ppid,Peptidyl-prolyl cis-trans isomerase D,,25.277891441511628,25.08406858145088,25.08606369372029,25.13238333952769,24.76632995827884,24.837337801609184,25.230201217269403,24.72333303242853,24.36141734127309,25.18052529505609,25.027530414654304,25.08409240541457,24.89183205608189,25.47539075627117,25.00365998184556,25.124062961396405,25.379878965932285,25.61503427354211,25.135978188356837,25.315809483405275,25.197798830940577,25.53747691290061,25.54591231205678,24.66445154086614,24.236543666263263,24.323502674938283,25.133780259857307,24.190365124900698,24.8203235601451,25.185029627184772,25.160411844881786,25.04656507652506,25.02170357890125,24.972979857598,25.30496164436387,0.3022061591532221,0.0207806657231783,0.3022061591532221,0.0106967811875013,0.0207806657231783,-0.4371923893098781,0.0032652371650271,0.008079449332354
Q9CXI5,sp|Q9CXI5|MANF_MOUSE Mesencephalic astrocyte-derived neurotrophic factor OS=Mus musculus OX=10090 GN=Manf PE=1 SV=1,Manf,Mesencephalic astrocyte-derived neurotrophic factor,24.28883223627916,24.355183339654197,,,24.66174911655576,,,24.30911520433379,24.307278257537465,,24.32457252600409,23.660179751124776,24.881102543203248,,24.914435979776275,24.970397921138886,24.643109289391,,24.808990396958382,24.98430659653109,24.22083213640589,24.1936041983174,24.351261073041236,24.989642877202197,,24.46729171693733,24.338595824168983,24.681462507193054,24.64850666350385,24.511779612622988,24.364239585763503,24.050215621570715,25.0138298642046,23.78818765060739,,24.45272601761372,0.4233525252695216,0.0284715582231182,0.4233525252695216,0.0151309616600322,0.0284715582231182,-0.264084794777947,0.0910112603581283,0.1581694727887395
Q9CY50,sp|Q9CY50|SSRA_MOUSE Translocon-associated protein subunit alpha OS=Mus musculus OX=10090 GN=Ssr1 PE=1 SV=1,Ssr1,Translocon-associated protein subunit alpha,24.21365700083529,,24.424290321220703,,24.30741287455312,24.281769142899385,24.183682693428395,24.051477583996,23.860972869897,24.396220883105325,24.348558203849358,24.244410995790496,,24.429924169930917,,24.468304128076173,24.84497573702017,24.604144759810254,24.992657743164283,24.33443008631623,,24.63962782401504,24.38851376423433,24.305664880681583,,,,,24.527953503190474,24.60473848415488,24.118737151067624,24.11340495223825,24.183850357321564,24.377372644725188,24.173272099488187,24.27377772007249,0.3252261978479325,0.0082880545601776,0.3252261978479325,0.0040633144504821,0.0082880545601776,-0.2598330907731103,0.0237715670750538,0.0490442089941123
Q9D0R2,"sp|Q9D0R2|SYTC_MOUSE Threonine--tRNA ligase, cytoplasmic OS=Mus musculus OX=10090 GN=Tars PE=1 SV=2",Tars,"Threonine--tRNA ligase, cytoplasmic",24.894931125802632,25.02096088657227,24.992462090308937,,,24.873691180032893,25.18316292372792,,24.77093728627416,,,25.105626881387472,25.645068283447365,25.07347388473171,25.16061449829552,,24.732197171100477,25.28624645795591,25.07241098897956,25.26804629062271,25.308966177835547,25.52223786383097,25.210916155229583,25.33808336938245,25.002683904521884,25.354890466934357,,24.83342211256621,24.92086189834809,25.18016168214256,25.17810864088311,24.748299167151032,25.055936495963547,,,24.620503248673927,0.2606276866845931,0.021022990754395,0.2606276866845931,0.0108332161594712,0.021022990754395,-0.2497051159967114,0.0308865820878588,0.0613973318715512
Q9D1D4,sp|Q9D1D4|TMEDA_MOUSE Transmembrane emp24 domain-containing protein 10 OS=Mus musculus OX=10090 GN=Tmed10 PE=1 SV=1,Tmed10,Transmembrane emp24 domain-containing protein 10,25.09760869132985,25.445830389314512,25.57515653148991,25.263045353970345,24.691983898096485,25.254954989850905,25.08219957217417,24.897663939352142,25.138241256799727,25.28707962246939,25.54012702626683,25.030545097464262,25.40248081077848,25.44338878021297,25.536679824002352,25.449570761168644,25.57793366717736,25.79400149613316,25.628255600385003,25.13787914449306,25.631742355657693,25.74945945744932,25.68279316181745,25.55383306627488,25.129378013711616,25.196177186500957,25.31990299447132,25.324144058659623,25.212447717979558,25.411465073194726,25.23646620838632,25.38266368387645,25.31186483318639,24.88434945057864,24.90209730506546,25.036123739956327,0.3569651464143248,0.0015612550033748,0.3569651464143248,0.0006898366570281,0.0015612550033748,-0.3534114883319148,6.655382323590793e-05,0.0002460848155451
Q9D1H9,sp|Q9D1H9|MFAP4_MOUSE Microfibril-associated glycoprotein 4 OS=Mus musculus OX=10090 GN=Mfap4 PE=1 SV=1,Mfap4,Microfibril-associated glycoprotein 4,,,,24.568278616787477,,,,,,,24.615900882224174,,24.978799217090383,24.916228252073093,,25.018873233070405,24.996130678084917,25.273767265032976,25.169842841463687,24.930273082444337,24.72285996362268,27.103341605735626,25.43708626711913,26.6171987768626,24.57313373449008,,,,24.92627962979412,,,,,,,,0.7864921761850674,0.0132502560698363,0.7864921761850674,0.0066583089766623,0.0132502560698363,-0.6288752435487943,0.0761657062220567,0.1351133011658795
Q9D1L0,sp|Q9D1L0|CHCH2_MOUSE Coiled-coil-helix-coiled-coil-helix domain-containing protein 2 OS=Mus musculus OX=10090 GN=Chchd2 PE=2 SV=1,Chchd2,Coiled-coil-helix-coiled-coil-helix domain-containing protein 2,25.89762599206357,25.6583844942111,25.69562077657205,25.824093347170013,25.866814720162346,26.12191886384129,25.78287821963336,26.016344314022643,25.798267926976525,25.89692719848201,25.94284282885551,26.039867637475787,26.2880834017784,26.354117077593543,26.51532204103837,26.1152809325543,26.049875329347927,26.234949220937963,26.18851924976922,26.064546931595224,26.071784953635238,26.16832702311371,26.130789511774605,26.40697044378262,25.96756519545632,25.997490314543175,26.00754047373341,25.90605092401901,26.01554651726017,25.995634691382424,26.250737478828853,26.43271004673624,26.406414258043487,26.238149134781786,26.18612879219429,26.293389048937406,0.337248316454577,2.4868966599644445e-05,0.337248316454577,8.511082058309035e-06,2.4868966599644445e-05,-0.0742674367503823,0.2846167612374662,0.413799611604957
Q9D1M0,sp|Q9D1M0|SEC13_MOUSE Protein SEC13 homolog OS=Mus musculus OX=10090 GN=Sec13 PE=1 SV=3,Sec13,Protein SEC13 homolog,24.816498877897605,24.07784691981632,24.67798477788318,24.250760013057285,24.386333560456134,24.36014620028496,24.09243796806789,24.34839748942612,23.699506973384445,24.42702050889265,24.466722877881036,24.073626294593154,24.854863127055367,24.498593582126222,24.38112157051883,24.93488908363597,24.673711638666184,24.98871762106268,24.34820631199916,24.460648823613894,24.581051936629976,,,24.726909838575057,24.351051824738978,,24.2640454089647,24.339142139851027,24.345344649250663,24.46900470866923,,24.10046996707077,,24.126417557823853,24.084688718343934,24.41319257572305,0.3384311482516047,0.0136715695609841,0.3384311482516047,0.0068776287607844,0.0136715695609841,-0.3678316255620828,0.0006685487064669,0.0019824785899687
Q9D1X0,sp|Q9D1X0|NOL3_MOUSE Nucleolar protein 3 OS=Mus musculus OX=10090 GN=Nol3 PE=1 SV=1,Nol3,Nucleolar protein 3,26.16580955170196,26.22497332175559,26.090030391073757,25.927306872793707,26.066908196475783,26.096984979080425,26.30364726637029,26.23093507711578,26.116612881247008,26.229339395238632,26.155467709193367,26.21190057873048,26.6572514922798,26.56516399207577,26.7581964439689,26.500106875145576,26.49420198646004,26.72577548570577,26.389585022908147,26.318331968947717,26.340903023249226,26.562229283915748,26.46438252056762,26.4794107232646,26.4481426762343,26.294790437427995,26.37959136706557,26.09987312978019,26.127825321341277,26.295169480501595,26.54917757151165,26.32199917694804,26.46590204345754,25.92680853213169,26.34360701570549,26.133985729577645,0.3696352164760093,7.178923662538006e-07,0.3696352164760093,2.005464484470829e-07,7.178923662538006e-07,-0.2390555280671549,0.0014564531962714,0.0039357088627065
Q9DBP5,sp|Q9DBP5|KCY_MOUSE UMP-CMP kinase OS=Mus musculus OX=10090 GN=Cmpk1 PE=1 SV=1,Cmpk1,UMP-CMP kinase,25.478604034605176,25.583372815573004,25.25538823040849,25.57742838565472,25.40339948102296,25.33547551559403,25.553177514932543,25.38591381304876,25.311480652767973,25.488487459776323,25.40549878559981,25.495215208639973,25.902402684939982,25.9314213626479,25.7533341316938,25.560476095514627,25.694914783524343,25.68495633668042,25.65170442290261,25.489981591953438,25.723407070155357,25.930341313285663,25.48886072559244,26.003971644198515,25.789198810079863,25.70557368756721,25.75440831903544,25.483121774437222,25.58472890117156,25.764977953217567,,25.70467925383096,25.48994813554072,25.69889851146549,25.518727179552837,25.60649506768497,0.2951941887887699,0.0001480571813717,0.2951941887887699,5.676761155545814e-05,0.0001480571813717,-0.0891242626588884,0.1615246057912052,0.2548373280129901
Q9DCH4,sp|Q9DCH4|EIF3F_MOUSE Eukaryotic translation initiation factor 3 subunit F OS=Mus musculus OX=10090 GN=Eif3f PE=1 SV=2,Eif3f,Eukaryotic translation initiation factor 3 subunit F,,24.557313947843504,,24.56850951264535,24.709113312950752,25.10904913413238,24.43456503445903,24.350762619182788,,24.631008479767047,24.73349887658156,25.05773049233691,24.930436195528983,24.99410110296835,24.71974041657112,24.783148064896157,24.37018831626824,25.04898737319341,25.18992882002389,24.8263987507992,25.127788484758188,25.340749852391607,25.104054181864974,25.17827419301225,24.934564699272656,24.575927214043357,24.5469125117195,24.841277582930083,24.3971161729889,24.67207415234006,24.62431830660673,24.70757543064366,24.644749520218163,24.73222462869333,25.011817098610432,25.018942264956245,0.2843106004786655,0.0422089103610146,0.2843106004786655,0.0232771453354287,0.0422089103610146,-0.2421913474377781,0.0171864560287497,0.0366794079378424
Q9EQS3,sp|Q9EQS3|MYCBP_MOUSE c-Myc-binding protein OS=Mus musculus OX=10090 GN=Mycbp PE=1 SV=5,Mycbp,C-Myc-binding protein,23.665503604990143,23.738072586341268,24.02428391431476,22.931814364552537,,23.187528985893408,,,,23.505794542493867,23.589076188407383,,23.6520976596205,,24.13196580515107,24.412205545358585,23.8626966465738,24.41940257606224,23.986480810192383,,,23.899972839531834,23.873388434081683,23.827014589590167,23.913333776889512,23.813483835563257,,,,,23.570921522416363,23.987175617487424,24.241678546838305,24.228472594690874,24.09657003800927,23.63351688626685,0.4869508993681819,0.024190559503806,0.4869508993681819,0.0126135527295861,0.024190559503806,-0.0716031095255758,0.57687259351872,0.7425788327744555
Q9ERK4,sp|Q9ERK4|XPO2_MOUSE Exportin-2 OS=Mus musculus OX=10090 GN=Cse1l PE=1 SV=1,Cse1l,Exportin-2,29.445132283836152,29.546536918043536,29.075983923440653,28.91311529576573,29.0722687945354,28.44461432356102,29.51465813190046,29.636055763515454,29.373102782154078,29.39484849146621,29.53302174240718,29.28616063791052,29.771302655807503,29.701300754519945,29.720101871333696,29.501214461606818,29.480688497515505,29.49683163392734,29.69766153001971,29.722866477736392,29.51093786275406,29.52099395394068,29.714284995994625,29.76125801980613,29.463922329055045,29.313845254730342,28.77581030446291,29.312498345270267,29.086785806874133,29.581873141758592,29.1909317118486,29.46459159301599,28.444283009005638,29.1048120281349,26.710983268581472,28.960917667778123,0.3636619688688256,0.0044615639342594,0.3636619688688256,0.0020855390677673,0.0044615639342594,-0.6823490212038621,0.0063175860109875,0.0147629415627368
Q9QUI0,sp|Q9QUI0|RHOA_MOUSE Transforming protein RhoA OS=Mus musculus OX=10090 GN=Rhoa PE=1 SV=1,Rhoa,Transforming protein RhoA,26.715098680953943,27.16990052115788,26.910267375339224,26.846425828170283,26.865380031490957,26.78173454840821,26.67987638515529,27.00727039469688,26.56897819797292,26.49624058673296,26.91123371952947,26.838681473928023,27.17426961196216,27.10086959055236,27.285944152233878,27.12366630456001,27.08034311971869,27.220111516237186,26.963501854754934,27.063115735022183,26.95843165004369,27.23395494739555,27.294974922411228,26.986122267023408,26.73232450775554,26.62679831139124,26.657387055981303,26.74265919018979,26.786938615188653,26.514676289634263,26.94313425269281,26.98054404019189,26.99618546138053,26.827628976994788,26.852430755770133,26.77227579191196,0.3078514940315955,0.0002000459702637,0.3078514940315955,7.803685317468725e-05,0.0002000459702637,-0.3376935352360277,3.02859499703794e-06,1.5330662562470922e-05
Q9R1P1,sp|Q9R1P1|PSB3_MOUSE Proteasome subunit beta type-3 OS=Mus musculus OX=10090 GN=Psmb3 PE=1 SV=1,Psmb3,Proteasome subunit beta type-3,25.028353509625624,25.693659145524883,25.505462446635896,25.27126059203553,25.370858411583438,25.40599577429242,25.396316820152496,25.600916566362574,25.87430677658298,25.48331590102755,25.853066337926936,25.80552756726973,25.84702657681416,26.06669826514817,26.10077107044665,25.940633316119,25.74648139710672,26.13431426958131,25.537521051184232,25.53483106324073,25.97113565977361,25.93680581223801,25.695682039576344,25.64002130423937,25.74899216076053,25.87383892256546,25.662663526135912,25.77070212179578,25.977258395023853,26.01943425516151,25.913283950621093,26.01190732325721,25.54113616730803,25.405953243899724,25.360669507669847,25.259427945402024,0.3219068313706863,0.0058356433923639,0.3219068313706863,0.0027830530813889,0.0058356433923639,-0.1338878588222769,0.1871218899135399,0.2876458820997701
Q9R1P4,sp|Q9R1P4|PSA1_MOUSE Proteasome subunit alpha type-1 OS=Mus musculus OX=10090 GN=Psma1 PE=1 SV=1,Psma1,Proteasome subunit alpha type-1,26.889358513011658,26.778417346454976,26.73875130035116,26.72726437563607,26.84251111528066,26.697740043544638,26.456882935015688,26.66164279690325,26.664037475907534,26.586495016416134,26.53242152739874,26.624261098387308,27.13701718031858,27.175628601309253,27.14003589480648,26.87848481951291,26.846743137628614,26.946347770987717,26.985242243642983,26.86246229865472,26.909332631545507,26.789993513252416,26.83972487606666,26.91670825393549,26.938705858169943,26.90003140633665,27.032997047100736,26.95283053518616,26.845539442292853,26.928092049762625,26.894961664972755,26.861398141942427,27.000322520752547,26.99307632430453,26.946524468664936,26.86527838482266,0.2689948064461269,9.391938151934924e-05,0.2689948064461269,3.4703655720004387e-05,9.391938151934924e-05,-0.0223302814460417,0.5946141463798473,0.7608571868155227
Q9WUA2,sp|Q9WUA2|SYFB_MOUSE Phenylalanine--tRNA ligase beta subunit OS=Mus musculus OX=10090 GN=Farsb PE=1 SV=2,Farsb,Phenylalanine--tRNA ligase beta subunit,25.268450662430656,24.75719272791759,25.11907878912297,25.07550156731193,25.129031682585232,25.311480532692578,24.832232082598832,25.022566910348395,25.13241186395531,24.950599095663705,24.85554831240683,24.932033103813843,25.207446777146128,25.07731254342448,25.61869893685464,25.473120275149384,25.17656175417749,25.656922977306667,25.52655282488801,25.207929643130825,25.32953015760616,25.038371195370328,25.395388802046096,25.1882304169055,25.28454552054584,24.887756597941884,25.223189325360902,24.7830406428506,24.87340992395466,25.01657840434441,25.191194070207413,25.397489695980937,25.408143501333225,25.53675808161957,25.67731750102157,24.868159522755025,0.2924949144298239,0.0024393837566645,0.2924949144298239,0.0011009127582943,0.0024393837566645,-0.1457069596741433,0.1745478884353594,0.2710998751238901
Q9WUK2,sp|Q9WUK2|IF4H_MOUSE Eukaryotic translation initiation factor 4H OS=Mus musculus OX=10090 GN=Eif4h PE=1 SV=3,Eif4h,Eukaryotic translation initiation factor 4H,25.517729407018084,25.359383531977667,25.135368567871616,26.03311085711635,25.80007163613693,25.529685529745382,25.87103708182986,25.75587440518046,26.07782852809684,25.758505098659768,25.989483740236665,25.911543050467778,26.37328995535309,25.893209402409767,25.927158642159718,25.95624330817285,25.87885433363152,26.186555257718293,25.954800410759983,25.95206637657309,25.96939652607629,26.08462683613049,26.138756563631546,26.11635933165675,26.12898197356394,26.014948614395664,26.15606165955784,25.992280384214183,25.95373060726054,26.087841661824385,26.12912475188108,25.93657302731089,26.00290217140747,25.406366546138887,26.353011362395435,25.338357850179868,0.3076412924946652,0.0068574865702588,0.3076412924946652,0.0033238012257626,0.0068574865702588,-0.0775946945119301,0.4250360602912688,0.5773165535475511
Q9WUM4,sp|Q9WUM4|COR1C_MOUSE Coronin-1C OS=Mus musculus OX=10090 GN=Coro1c PE=1 SV=2,Coro1c,Coronin-1C,23.218655085879718,23.75240978053459,23.39693798985773,23.39729968381812,22.98408667055258,,22.80327226106909,23.507915022988744,23.242785352126056,23.436551671333863,23.13148047106432,22.909588653523212,23.79346928887316,23.85842627949181,23.931089271833613,23.990419801623684,23.87347268501584,23.663325116343827,23.235329253536666,23.20913558373921,23.08497340944173,23.90286057686356,23.780634888619584,23.27645265377307,23.503285817846024,23.27708091293673,23.166447948286454,23.491517333639685,24.33757203530353,23.4255283848781,23.160038479416546,23.61948890465484,23.765365092289223,23.397150461332544,23.530502660882767,23.353155525161988,0.3804824635434585,0.0145816594170604,0.3804824635434585,0.0073679169452926,0.0145816594170604,-0.1310379377106123,0.333000138392363,0.4700716800401227
Q9WV55,sp|Q9WV55|VAPA_MOUSE Vesicle-associated membrane protein-associated protein A OS=Mus musculus OX=10090 GN=Vapa PE=1 SV=2,Vapa,Vesicle-associated membrane protein-associated protein A,26.277432807814748,26.35225347427696,26.27444362977001,25.67576274740983,25.81237316306748,,26.23729572970382,25.797289522228475,25.911089929453528,26.313615053087,26.270961315618123,26.22880201625208,26.69910746730298,26.559575896083448,26.647724454662043,26.60016643417213,26.419353201670933,26.56386583195688,26.51739282560254,26.028996993777607,26.39266587880017,26.513112999945683,26.44097313335243,26.378847274799856,26.41482186124897,26.066335401978847,26.35117258690817,26.10153981062705,26.07364278349389,26.55419995266416,26.318659502391288,26.24675730621052,26.381144139448136,26.017318578966385,25.987977023892483,25.808581322441206,0.3754831337061262,0.0014307304059734,0.3754831337061262,0.0006305723325158,0.0014307304059734,-0.286636010154627,0.0017112298767143,0.0045425129063579
Q9WVC3,sp|Q9WVC3|CAV2_MOUSE Caveolin-2 OS=Mus musculus OX=10090 GN=Cav2 PE=1 SV=1,Cav2,Caveolin-2,,,23.286414358158016,,23.23529105464268,23.501188773072915,23.329376506374047,23.66343790436293,24.0260117906146,23.66961661608942,,23.92712009331392,23.66035851269107,,24.033293252693483,,24.28296533191372,24.177111865038068,24.047582487857746,23.54312422014736,23.55904082901585,,24.030142362790524,24.10851648901041,24.29503325601208,24.5855800584914,23.847334209461035,24.13810428205229,23.85198255014328,23.969314378036817,23.44717951267671,23.25037439554891,,23.38571624513781,24.203082448604565,,0.3582079019390178,0.0395475368422025,0.3582079019390178,0.0215917270033318,0.0395475368422025,-0.0406449054010948,0.8082835650602175,0.971562251781412
Q9WVK4,sp|Q9WVK4|EHD1_MOUSE EH domain-containing protein 1 OS=Mus musculus OX=10090 GN=Ehd1 PE=1 SV=1,Ehd1,EH domain-containing protein 1,25.036253237452083,24.53594939255399,24.908065207323943,24.683031824938364,25.701482109547825,25.30978826211173,25.07377196128109,25.394356509612454,25.434357757074064,25.899456589074266,25.07990147253432,25.039256437639235,25.53353262497537,25.92288880370504,25.61695496271588,25.245411816168648,25.55891851574388,25.333404431430512,25.74343180881416,25.679650635728123,24.93130594936324,26.15393047968871,26.1324056751709,25.06245411817137,25.59362900056039,25.339782168277733,25.99705289513596,25.889534192103422,25.652652655282083,26.220333352571085,26.231548563730904,,24.97920318970742,25.00366286974784,25.64564521867397,25.03608307373951,0.401551588377707,0.0364602101251705,0.401551588377707,0.0197619614145331,0.0364602101251705,0.0228207433025033,0.9000007426933359,1.0
Q9Z1Z2,sp|Q9Z1Z2|STRAP_MOUSE Serine-threonine kinase receptor-associated protein OS=Mus musculus OX=10090 GN=Strap PE=1 SV=2,Strap,Serine-threonine kinase receptor-associated protein,25.890508280824967,25.805760961959813,25.631607711134883,25.67905440411244,25.718217791771085,26.04262884210091,25.920989748607248,25.857740112923423,26.02921524513424,25.75317550109553,25.796733109767413,25.930215420518223,26.08314904444607,26.037892498842243,25.836030978409426,26.13769165856405,25.80344196739316,26.130827454731172,26.29795454744258,26.255071665888845,26.294512130302067,26.034014955788344,26.183041031305773,26.14374168027852,26.13739421338014,25.87255639215864,25.7618515120578,26.125672580241048,26.07089376425637,26.110555759765465,25.90626951505585,26.0773578599364,25.855291055982967,25.768957817318903,25.9537320258227,25.787598826200583,0.2651268736201757,0.0004800921508964,0.2651268736201757,0.0001982350450557,0.0004800921508964,-0.1507698576012863,0.0242130369026741,0.049726659787549
Q9Z2U0,sp|Q9Z2U0|PSA7_MOUSE Proteasome subunit alpha type-7 OS=Mus musculus OX=10090 GN=Psma7 PE=1 SV=1,Psma7,Proteasome subunit alpha type-7,26.69041797863557,26.402813537200924,26.394908099756933,26.617871177165583,26.40402119835251,26.53091635277668,26.53088198066372,26.51184549789959,26.55094011295605,26.77723022084032,26.24013301661776,26.74911258557239,27.10667951633526,27.158861313311537,27.05831812652743,26.7876221905178,26.5666663274275,26.903919595959557,26.822589268494177,26.980988147590384,26.816696725574857,26.946546969690303,26.931877073413997,26.79263768074141,26.869508021266995,26.944099493699945,26.85538682224856,26.824071699034107,26.735918086440652,26.853660224468545,26.83253689751724,26.983225055262867,26.88937382866482,26.67265554064152,26.7606923436332,26.69273307337494,0.3726925980955151,3.0446806654801165e-05,0.3726925980955151,1.0521684436634126e-05,3.0446806654801165e-05,-0.0799618207775658,0.1565410066222151,0.2482826027362053
Q9Z2U1,sp|Q9Z2U1|PSA5_MOUSE Proteasome subunit alpha type-5 OS=Mus musculus OX=10090 GN=Psma5 PE=1 SV=1,Psma5,Proteasome subunit alpha type-5,26.47490399665528,26.445781011542937,26.35778900373755,26.49450893120157,26.545490734438904,26.517079766963967,26.60396309492572,26.55399258658167,26.42655035537619,26.47809497066705,26.56661650103108,26.390572691367492,27.000528091187416,26.896534651751395,26.82065257628779,26.917565618974837,26.86883359897256,27.019980089179462,26.859186882916703,26.73332016301848,26.7474722706098,26.820379855941702,26.76925310610313,26.68997954937768,26.68394074694093,26.81785196518049,26.744588183844822,26.82086735199126,26.813981488350176,26.779396425538017,26.778048962233683,26.848562091086624,26.84290437806265,26.60002450859093,26.543960188783156,26.711570323806555,0.3573619008192921,8.835207428890286e-09,0.3573619008192921,1.8683243310953303e-09,8.835207428890286e-09,-0.096499153325972,0.0276440371774215,0.0560680979772307
